Clade,Gene,Site_Number,Alpha
IXODIDA,ATP8,1,9999.99999999834
IXODIDA,ATP8,2,0.2817963264123055
IXODIDA,ATP8,3,0
IXODIDA,ATP8,4,0.6210302241068786
IXODIDA,ATP8,5,0.7237502245827714
IXODIDA,ATP8,6,32.82175314941857
IXODIDA,ATP8,7,0
IXODIDA,ATP8,8,0.6490468642403728
IXODIDA,ATP8,9,0.3669300169578121
IXODIDA,ATP8,10,9999.99999999834
IXODIDA,ATP8,11,0.7581868011801914
IXODIDA,ATP8,12,0.09838177097825146
IXODIDA,ATP8,13,0.519710834936677
IXODIDA,ATP8,14,0.8366110890348448
IXODIDA,ATP8,15,5.542978942183646
IXODIDA,ATP8,16,1.089828844931301
IXODIDA,ATP8,17,0.394246083652426
IXODIDA,ATP8,18,0
IXODIDA,ATP8,19,0
IXODIDA,ATP8,20,0.9769230109193808
IXODIDA,ATP8,21,9999.99999999834
IXODIDA,ATP8,22,0.2106917697918876
IXODIDA,ATP8,23,9999.99999999834
IXODIDA,ATP8,24,2.137278529727151
IXODIDA,ATP8,25,9999.99999999834
IXODIDA,ATP8,26,0
IXODIDA,ATP8,27,9999.99999999834
IXODIDA,ATP8,28,1.322599410351616
IXODIDA,ATP8,29,0
IXODIDA,ATP8,30,0
IXODIDA,ATP8,31,0.2504667682595567
IXODIDA,ATP8,32,9999.995840794707
IXODIDA,ATP8,33,0.1394627826829225
IXODIDA,ATP8,34,9999.99999999834
IXODIDA,ATP8,35,0.71780287583818
IXODIDA,ATP8,36,0.3803907306959085
IXODIDA,ATP8,37,9999.99999999834
IXODIDA,ATP8,38,0
IXODIDA,ATP8,39,0.06446796708043938
IXODIDA,ATP8,40,0
IXODIDA,ATP8,41,9999.902538993443
IXODIDA,ATP8,42,0
IXODIDA,ATP8,43,0
IXODIDA,ATP8,44,9999.99999999834
IXODIDA,ATP8,45,9999.99999999834
IXODIDA,ATP8,46,9999.99999999834
IXODIDA,ATP8,47,9999.99999999834
IXODIDA,ATP8,48,0.316528406245815
IXODIDA,ATP8,49,0.33615507516194
IXODIDA,ATP8,50,0
IXODIDA,ATP8,51,10.07332078386215
IXODIDA,ATP8,52,0
IXODIDA,ATP8,53,0.11552492810031
IXODIDA,ATP8,54,0
IXODIDA,ATP8,55,0
IXODIDA,ATP8,56,0
ORTHOPTERA,ATP8,1,0.4929977210332628
ORTHOPTERA,ATP8,2,0.138823586442351
ORTHOPTERA,ATP8,3,0
ORTHOPTERA,ATP8,4,0
ORTHOPTERA,ATP8,5,0.3665335760643647
ORTHOPTERA,ATP8,6,3.093124711383824
ORTHOPTERA,ATP8,7,3.984550391786456
ORTHOPTERA,ATP8,8,0.1139455011883245
ORTHOPTERA,ATP8,9,0.6621392088677459
ORTHOPTERA,ATP8,10,8.872946958345958
ORTHOPTERA,ATP8,11,0.3708703381254809
ORTHOPTERA,ATP8,12,0.2249702177114992
ORTHOPTERA,ATP8,13,1.873646663161321
ORTHOPTERA,ATP8,14,0.3389607171182879
ORTHOPTERA,ATP8,15,0.17546534967927
ORTHOPTERA,ATP8,16,1.818680210285648
ORTHOPTERA,ATP8,17,0.4256205996385378
ORTHOPTERA,ATP8,18,0.7057985626657274
ORTHOPTERA,ATP8,19,0.5390133337112095
ORTHOPTERA,ATP8,20,0.5768916373729801
ORTHOPTERA,ATP8,21,3.599853873707475
ORTHOPTERA,ATP8,22,9.041817025323493
ORTHOPTERA,ATP8,23,0.7212723836725768
ORTHOPTERA,ATP8,24,16.58919559423563
ORTHOPTERA,ATP8,25,9999.99999999834
ORTHOPTERA,ATP8,26,3.332046666073691
ORTHOPTERA,ATP8,27,0.6899710610955655
ORTHOPTERA,ATP8,28,2.93815039516938
ORTHOPTERA,ATP8,29,1.510080647165414
ORTHOPTERA,ATP8,30,9999.99999999834
ORTHOPTERA,ATP8,31,1.548697981108737
ORTHOPTERA,ATP8,32,0.608308986093246
ORTHOPTERA,ATP8,33,1.588893561209277
ORTHOPTERA,ATP8,34,0.7450037063906645
ORTHOPTERA,ATP8,35,1.959809374812647
ORTHOPTERA,ATP8,36,0.2473451956660475
ORTHOPTERA,ATP8,37,0.9982729256923152
ORTHOPTERA,ATP8,38,2.165795601667665
ORTHOPTERA,ATP8,39,9999.99999999834
ORTHOPTERA,ATP8,40,0.2536841313298575
ORTHOPTERA,ATP8,41,1.201729349593554
ORTHOPTERA,ATP8,42,0.2999719143740435
ORTHOPTERA,ATP8,43,0.6475983367266946
ORTHOPTERA,ATP8,44,0
ORTHOPTERA,ATP8,45,0
ORTHOPTERA,ATP8,46,13.82072771175802
ORTHOPTERA,ATP8,47,9999.99999999834
ORTHOPTERA,ATP8,48,0.9393885352938788
ORTHOPTERA,ATP8,49,0.3385210268072231
ORTHOPTERA,ATP8,50,21.70496136379184
ORTHOPTERA,ATP8,51,9.287813237412472
ORTHOPTERA,ATP8,52,1.044380175056756
ORTHOPTERA,ATP8,53,0.1457740526778916
ORTHOPTERA,ATP8,54,0.2646473829310748
ORTHOPTERA,ATP8,55,0
ORTHOPTERA,ATP8,56,0
ANGUILLIFORMES,ATP8,1,0
ANGUILLIFORMES,ATP8,2,3.887853107834851
ANGUILLIFORMES,ATP8,3,0.2853967701333857
ANGUILLIFORMES,ATP8,4,1.780278709447394
ANGUILLIFORMES,ATP8,5,101.9557772542931
ANGUILLIFORMES,ATP8,6,1.405528335684167
ANGUILLIFORMES,ATP8,7,0.2937089430432025
ANGUILLIFORMES,ATP8,8,1.139642478089256
ANGUILLIFORMES,ATP8,9,0.5493630609636724
ANGUILLIFORMES,ATP8,10,0.9502244312463659
ANGUILLIFORMES,ATP8,11,107.4576799742548
ANGUILLIFORMES,ATP8,12,1.575823596937053
ANGUILLIFORMES,ATP8,13,0.6641210089739544
ANGUILLIFORMES,ATP8,14,1.812045848595983
ANGUILLIFORMES,ATP8,15,3.904034566266882
ANGUILLIFORMES,ATP8,16,0.442831264465312
ANGUILLIFORMES,ATP8,17,0.5409915162647556
ANGUILLIFORMES,ATP8,18,2.042846191138421
ANGUILLIFORMES,ATP8,19,2.467916090517672
ANGUILLIFORMES,ATP8,20,4.823758463324384
ANGUILLIFORMES,ATP8,21,2.110661210592549
ANGUILLIFORMES,ATP8,22,1.024439708221706
ANGUILLIFORMES,ATP8,23,0.9951542642531728
ANGUILLIFORMES,ATP8,24,3.291435203259627
ANGUILLIFORMES,ATP8,25,1.5221737552096
ANGUILLIFORMES,ATP8,26,1.817744792245959
ANGUILLIFORMES,ATP8,27,0.1288082188743451
ANGUILLIFORMES,ATP8,28,2.119416865686617
ANGUILLIFORMES,ATP8,29,0.256797067790383
ANGUILLIFORMES,ATP8,30,4.655770282493435
ANGUILLIFORMES,ATP8,31,1.528775594577254
ANGUILLIFORMES,ATP8,32,1.50785930277637
ANGUILLIFORMES,ATP8,33,0.8766097527703374
ANGUILLIFORMES,ATP8,34,2.131496137515012
ANGUILLIFORMES,ATP8,35,1.685464773606802
ANGUILLIFORMES,ATP8,36,0.2010913509126053
ANGUILLIFORMES,ATP8,37,1.183012805744578
ANGUILLIFORMES,ATP8,38,0
ANGUILLIFORMES,ATP8,39,2.104514334602119
ANGUILLIFORMES,ATP8,40,2.040070120337204
ANGUILLIFORMES,ATP8,41,9999.998745939554
ANGUILLIFORMES,ATP8,42,0.6710846850365734
ANGUILLIFORMES,ATP8,43,0.166943565702527
ANGUILLIFORMES,ATP8,44,5.045129935521308
ANGUILLIFORMES,ATP8,45,0
ANGUILLIFORMES,ATP8,46,0.432881887277407
ANGUILLIFORMES,ATP8,47,0
ANGUILLIFORMES,ATP8,48,0.8613903681086731
ANGUILLIFORMES,ATP8,49,0.2641293493262588
ANGUILLIFORMES,ATP8,50,0.4704253925195835
ANGUILLIFORMES,ATP8,51,0
ANGUILLIFORMES,ATP8,52,0.6492441664447131
ANGUILLIFORMES,ATP8,53,0.1288009934459511
ANGUILLIFORMES,ATP8,54,0
ANGUILLIFORMES,ATP8,55,2.1649698301744
ANGUILLIFORMES,ATP8,56,1.46953900459886
ANGUILLIFORMES,ATP8,57,0
ANGUILLIFORMES,ATP8,58,0
ANGUILLIFORMES,ATP8,59,0
ANGUILLIFORMES,ATP8,60,0
ANGUILLIFORMES,ATP8,61,0
ANGUILLIFORMES,ATP8,62,0
ANGUILLIFORMES,ATP8,63,0
ANSERIFORMES,ATP8,1,0
ANSERIFORMES,ATP8,2,1.921287598619962
ANSERIFORMES,ATP8,3,1.958357205630925
ANSERIFORMES,ATP8,4,1.021880141388153
ANSERIFORMES,ATP8,5,0
ANSERIFORMES,ATP8,6,3.60441167873669
ANSERIFORMES,ATP8,7,0.5717453606131134
ANSERIFORMES,ATP8,8,0
ANSERIFORMES,ATP8,9,0
ANSERIFORMES,ATP8,10,1.536147020309389
ANSERIFORMES,ATP8,11,2.487743484628496
ANSERIFORMES,ATP8,12,1.22325762897584
ANSERIFORMES,ATP8,13,3.764947785030418
ANSERIFORMES,ATP8,14,1.654445266259281
ANSERIFORMES,ATP8,15,0
ANSERIFORMES,ATP8,16,0
ANSERIFORMES,ATP8,17,0
ANSERIFORMES,ATP8,18,1.102113068240546
ANSERIFORMES,ATP8,19,1.320151556554541
ANSERIFORMES,ATP8,20,0.4735253777236957
ANSERIFORMES,ATP8,21,0.6802925721231008
ANSERIFORMES,ATP8,22,2.339184677871976
ANSERIFORMES,ATP8,23,7.215714007129861
ANSERIFORMES,ATP8,24,1.985905172160602
ANSERIFORMES,ATP8,25,12.73567537445
ANSERIFORMES,ATP8,26,0.5249311464671688
ANSERIFORMES,ATP8,27,2.405587172054877
ANSERIFORMES,ATP8,28,1.380563580542082
ANSERIFORMES,ATP8,29,0.442259890213435
ANSERIFORMES,ATP8,30,1.11288671321934
ANSERIFORMES,ATP8,31,6.580553362588857
ANSERIFORMES,ATP8,32,0.4166259103214944
ANSERIFORMES,ATP8,33,1.13029338677377
ANSERIFORMES,ATP8,34,5.889018799097826
ANSERIFORMES,ATP8,35,3.946874604161217
ANSERIFORMES,ATP8,36,1.532079653580966
ANSERIFORMES,ATP8,37,0
ANSERIFORMES,ATP8,38,0.1524557273507447
ANSERIFORMES,ATP8,39,1.212886684076006
ANSERIFORMES,ATP8,40,0.6502818821699392
ANSERIFORMES,ATP8,41,0.4907980254667093
ANSERIFORMES,ATP8,42,12.21960132620976
ANSERIFORMES,ATP8,43,0.8753418227551214
ANSERIFORMES,ATP8,44,0.4341880427796523
ANSERIFORMES,ATP8,45,1.574704918949644
ANSERIFORMES,ATP8,46,7.303459950184326
ANSERIFORMES,ATP8,47,0
ANSERIFORMES,ATP8,48,1.120952168705742
ANSERIFORMES,ATP8,49,2.000294512302846
ANSERIFORMES,ATP8,50,0
ANSERIFORMES,ATP8,51,0
ANSERIFORMES,ATP8,52,0
ANSERIFORMES,ATP8,53,0
ANSERIFORMES,ATP8,54,0
ANSERIFORMES,ATP8,55,0
ANSERIFORMES,ATP8,56,0
GYMNOPHIONA,ATP8,1,0
GYMNOPHIONA,ATP8,2,0.1204801824192003
GYMNOPHIONA,ATP8,3,0.1779060229815866
GYMNOPHIONA,ATP8,4,1.227039381512725
GYMNOPHIONA,ATP8,5,0.5867643148938997
GYMNOPHIONA,ATP8,6,0.5287934066141673
GYMNOPHIONA,ATP8,7,9999.99999999834
GYMNOPHIONA,ATP8,8,107.8960388564018
GYMNOPHIONA,ATP8,9,0.3150118739548897
GYMNOPHIONA,ATP8,10,0.8026225760204313
GYMNOPHIONA,ATP8,11,0.2698893424426706
GYMNOPHIONA,ATP8,12,3.379111679082049
GYMNOPHIONA,ATP8,13,0.6261760243655647
GYMNOPHIONA,ATP8,14,0
GYMNOPHIONA,ATP8,15,0.6628415705583394
GYMNOPHIONA,ATP8,16,9999.99999999834
GYMNOPHIONA,ATP8,17,0
GYMNOPHIONA,ATP8,18,9999.99999999834
GYMNOPHIONA,ATP8,19,0.2260223100337233
GYMNOPHIONA,ATP8,20,0.4853711216653278
GYMNOPHIONA,ATP8,21,3.58628665063783
GYMNOPHIONA,ATP8,22,9999.99999999834
GYMNOPHIONA,ATP8,23,0
GYMNOPHIONA,ATP8,24,1.307707081071739
GYMNOPHIONA,ATP8,25,6.531611394874504
GYMNOPHIONA,ATP8,26,0
GYMNOPHIONA,ATP8,27,0.2653189075814419
GYMNOPHIONA,ATP8,28,9999.99999999834
GYMNOPHIONA,ATP8,29,0.7144100497268704
GYMNOPHIONA,ATP8,30,0
GYMNOPHIONA,ATP8,31,0.8248483268757871
GYMNOPHIONA,ATP8,32,0.785797891636342
GYMNOPHIONA,ATP8,33,2.772815594252301
GYMNOPHIONA,ATP8,34,9999.99999999834
GYMNOPHIONA,ATP8,35,2.855186551335494
GYMNOPHIONA,ATP8,36,0.6426873285507719
GYMNOPHIONA,ATP8,37,9999.99999999834
GYMNOPHIONA,ATP8,38,0.4309974210266864
GYMNOPHIONA,ATP8,39,0.5960009994683405
GYMNOPHIONA,ATP8,40,9.833824365230711
GYMNOPHIONA,ATP8,41,0.1788796670493221
GYMNOPHIONA,ATP8,42,9999.99999999834
GYMNOPHIONA,ATP8,43,9999.99999999834
GYMNOPHIONA,ATP8,44,0.8499052867054848
GYMNOPHIONA,ATP8,45,2.691126780165387
GYMNOPHIONA,ATP8,46,0.1300891658525928
GYMNOPHIONA,ATP8,47,0.1368384016513518
GYMNOPHIONA,ATP8,48,9999.99999999834
GYMNOPHIONA,ATP8,49,1.908753696529978
GYMNOPHIONA,ATP8,50,0.1713699321139182
GYMNOPHIONA,ATP8,51,9999.99999999834
GYMNOPHIONA,ATP8,52,9999.99999999834
GYMNOPHIONA,ATP8,53,0
GYMNOPHIONA,ATP8,54,0
GYMNOPHIONA,ATP8,55,9999.99999999834
GYMNOPHIONA,ATP8,56,0
ACIPENSERIFORMES,ATP8,1,0
ACIPENSERIFORMES,ATP8,2,0
ACIPENSERIFORMES,ATP8,3,0
ACIPENSERIFORMES,ATP8,4,2.121015204185125
ACIPENSERIFORMES,ATP8,5,2.782169509499239
ACIPENSERIFORMES,ATP8,6,0
ACIPENSERIFORMES,ATP8,7,2.783710201776786
ACIPENSERIFORMES,ATP8,8,0
ACIPENSERIFORMES,ATP8,9,0
ACIPENSERIFORMES,ATP8,10,0
ACIPENSERIFORMES,ATP8,11,0
ACIPENSERIFORMES,ATP8,12,3.420335799801142
ACIPENSERIFORMES,ATP8,13,0
ACIPENSERIFORMES,ATP8,14,0
ACIPENSERIFORMES,ATP8,15,9.107472271921473
ACIPENSERIFORMES,ATP8,16,0
ACIPENSERIFORMES,ATP8,17,0
ACIPENSERIFORMES,ATP8,18,0
ACIPENSERIFORMES,ATP8,19,5.801229212177226
ACIPENSERIFORMES,ATP8,20,0
ACIPENSERIFORMES,ATP8,21,3.03969116958311
ACIPENSERIFORMES,ATP8,22,0
ACIPENSERIFORMES,ATP8,23,0
ACIPENSERIFORMES,ATP8,24,1.520074061395732
ACIPENSERIFORMES,ATP8,25,2.530018164518509
ACIPENSERIFORMES,ATP8,26,4.507162598768373
ACIPENSERIFORMES,ATP8,27,0
ACIPENSERIFORMES,ATP8,28,0.6301081656843196
ACIPENSERIFORMES,ATP8,29,0
ACIPENSERIFORMES,ATP8,30,0
ACIPENSERIFORMES,ATP8,31,15.05379077940164
ACIPENSERIFORMES,ATP8,32,0
ACIPENSERIFORMES,ATP8,33,0
ACIPENSERIFORMES,ATP8,34,0.7355624931859248
ACIPENSERIFORMES,ATP8,35,2.628749264033712
ACIPENSERIFORMES,ATP8,36,0
ACIPENSERIFORMES,ATP8,37,2.315672172226188
ACIPENSERIFORMES,ATP8,38,0
ACIPENSERIFORMES,ATP8,39,8.26663679830595
ACIPENSERIFORMES,ATP8,40,0
ACIPENSERIFORMES,ATP8,41,0
ACIPENSERIFORMES,ATP8,42,0
ACIPENSERIFORMES,ATP8,43,3.25813307052722
ACIPENSERIFORMES,ATP8,44,1.23684837969127
ACIPENSERIFORMES,ATP8,45,0
ACIPENSERIFORMES,ATP8,46,0
ACIPENSERIFORMES,ATP8,47,2.778104823341989
ACIPENSERIFORMES,ATP8,48,32.68021985985934
ACIPENSERIFORMES,ATP8,49,0
ACIPENSERIFORMES,ATP8,50,0
ACIPENSERIFORMES,ATP8,51,0
ACIPENSERIFORMES,ATP8,52,0
ACIPENSERIFORMES,ATP8,53,0
ACIPENSERIFORMES,ATP8,54,0
ACIPENSERIFORMES,ATP8,55,0
ACIPENSERIFORMES,ATP8,56,0
CICONIIFORMES,ATP8,1,0
CICONIIFORMES,ATP8,2,1.682766986139904
CICONIIFORMES,ATP8,3,1.605924910385578
CICONIIFORMES,ATP8,4,0.243150577748812
CICONIIFORMES,ATP8,5,0
CICONIIFORMES,ATP8,6,1.540894653413543
CICONIIFORMES,ATP8,7,0.5215285659329006
CICONIIFORMES,ATP8,8,1.073121260933358
CICONIIFORMES,ATP8,9,2.086201100772165
CICONIIFORMES,ATP8,10,2.788245438691406
CICONIIFORMES,ATP8,11,0.4210134352207933
CICONIIFORMES,ATP8,12,0
CICONIIFORMES,ATP8,13,0.3792553299394992
CICONIIFORMES,ATP8,14,2.548728744795272
CICONIIFORMES,ATP8,15,1.742479085553262
CICONIIFORMES,ATP8,16,1.337199454900937
CICONIIFORMES,ATP8,17,1.994485808138467
CICONIIFORMES,ATP8,18,1.704871211974443
CICONIIFORMES,ATP8,19,2.870809775816737
CICONIIFORMES,ATP8,20,2.432501716966879
CICONIIFORMES,ATP8,21,0.980190710084161
CICONIIFORMES,ATP8,22,0.6322270582647869
CICONIIFORMES,ATP8,23,1.886178837152548
CICONIIFORMES,ATP8,24,1.534805615673621
CICONIIFORMES,ATP8,25,0
CICONIIFORMES,ATP8,26,1.858078363085793
CICONIIFORMES,ATP8,27,4.292743403283592
CICONIIFORMES,ATP8,28,1.298572365401579
CICONIIFORMES,ATP8,29,3.697984256614302
CICONIIFORMES,ATP8,30,0.3110194929458751
CICONIIFORMES,ATP8,31,1.977359279881462
CICONIIFORMES,ATP8,32,1.001934528643561
CICONIIFORMES,ATP8,33,0.3950347004953269
CICONIIFORMES,ATP8,34,0.8527659063121218
CICONIIFORMES,ATP8,35,0.7352797060118815
CICONIIFORMES,ATP8,36,3.464047799743193
CICONIIFORMES,ATP8,37,0.236096304772097
CICONIIFORMES,ATP8,38,0.2431300377203578
CICONIIFORMES,ATP8,39,4.717755451403988
CICONIIFORMES,ATP8,40,2.276850160461976
CICONIIFORMES,ATP8,41,0.3851549981074851
CICONIIFORMES,ATP8,42,1.170225585504496
CICONIIFORMES,ATP8,43,0.3074696457744732
CICONIIFORMES,ATP8,44,12.15645091790245
CICONIIFORMES,ATP8,45,0.6432032995960123
CICONIIFORMES,ATP8,46,9999.99999999834
CICONIIFORMES,ATP8,47,0.6478614447472015
CICONIIFORMES,ATP8,48,1.957479424685743
CICONIIFORMES,ATP8,49,0
CICONIIFORMES,ATP8,50,1.08897242547628
CICONIIFORMES,ATP8,51,1.40021843436022
CICONIIFORMES,ATP8,52,0.7267274487686616
CICONIIFORMES,ATP8,53,0
CICONIIFORMES,ATP8,54,0
CICONIIFORMES,ATP8,55,0.6433305487552798
CICONIIFORMES,ATP8,56,0
CICONIIFORMES,ATP8,57,0
FALCONIFORMES,ATP8,1,0
FALCONIFORMES,ATP8,2,1.907422935143075
FALCONIFORMES,ATP8,3,2.881544621813441
FALCONIFORMES,ATP8,4,0.3730840508283186
FALCONIFORMES,ATP8,5,7.515994525428633
FALCONIFORMES,ATP8,6,0
FALCONIFORMES,ATP8,7,6.947007159055412
FALCONIFORMES,ATP8,8,0.6221004668514827
FALCONIFORMES,ATP8,9,2.571475670023501
FALCONIFORMES,ATP8,10,1.864299551656931
FALCONIFORMES,ATP8,11,2.091856380126958
FALCONIFORMES,ATP8,12,0
FALCONIFORMES,ATP8,13,0
FALCONIFORMES,ATP8,14,3.421869747905937
FALCONIFORMES,ATP8,15,0.6413151755479579
FALCONIFORMES,ATP8,16,0.6244128639605881
FALCONIFORMES,ATP8,17,1.813052504618439
FALCONIFORMES,ATP8,18,1.227167138266336
FALCONIFORMES,ATP8,19,0
FALCONIFORMES,ATP8,20,7.432609027286666
FALCONIFORMES,ATP8,21,0
FALCONIFORMES,ATP8,22,1.305378640872271
FALCONIFORMES,ATP8,23,1.461734093810803
FALCONIFORMES,ATP8,24,7.505239321181564
FALCONIFORMES,ATP8,25,0
FALCONIFORMES,ATP8,26,1.034461990209563
FALCONIFORMES,ATP8,27,0
FALCONIFORMES,ATP8,28,0.4803582839087464
FALCONIFORMES,ATP8,29,1.179129523831492
FALCONIFORMES,ATP8,30,3.148481017398394
FALCONIFORMES,ATP8,31,1.009078381713986
FALCONIFORMES,ATP8,32,1.631851075048991
FALCONIFORMES,ATP8,33,3.093332883998303
FALCONIFORMES,ATP8,34,0.2348007197258688
FALCONIFORMES,ATP8,35,2.046785844729393
FALCONIFORMES,ATP8,36,1.106171226828693
FALCONIFORMES,ATP8,37,0.5710583418778845
FALCONIFORMES,ATP8,38,3.312177385897305
FALCONIFORMES,ATP8,39,3.507849778041242
FALCONIFORMES,ATP8,40,0
FALCONIFORMES,ATP8,41,0.480631726259963
FALCONIFORMES,ATP8,42,1.295411806723529
FALCONIFORMES,ATP8,43,0
FALCONIFORMES,ATP8,44,0.9216144680585499
FALCONIFORMES,ATP8,45,2.224352934361729
FALCONIFORMES,ATP8,46,0
FALCONIFORMES,ATP8,47,0.5199542177853861
FALCONIFORMES,ATP8,48,1.599351608838679
FALCONIFORMES,ATP8,49,0.9083347126350223
FALCONIFORMES,ATP8,50,1.854915526406375
FALCONIFORMES,ATP8,51,0.643780232664792
FALCONIFORMES,ATP8,52,0
FALCONIFORMES,ATP8,53,0
FALCONIFORMES,ATP8,54,0
FALCONIFORMES,ATP8,55,1.546650765484824
FALCONIFORMES,ATP8,56,0
ARANEAE,ATP8,1,0.3835795534054913
ARANEAE,ATP8,2,0.8835702586183711
ARANEAE,ATP8,3,1.046524370857481
ARANEAE,ATP8,4,3.864567085436787
ARANEAE,ATP8,5,6.69529105914311
ARANEAE,ATP8,6,0
ARANEAE,ATP8,7,0
ARANEAE,ATP8,8,2.462173715714836
ARANEAE,ATP8,9,0
ARANEAE,ATP8,10,0.694968914128463
ARANEAE,ATP8,11,0.2890668956148923
ARANEAE,ATP8,12,0.3277958025563767
ARANEAE,ATP8,13,9999.99999999834
ARANEAE,ATP8,14,0
ARANEAE,ATP8,15,9999.99999999834
ARANEAE,ATP8,16,0
ARANEAE,ATP8,17,0.3904369766607448
ARANEAE,ATP8,18,0.2259462426168821
ARANEAE,ATP8,19,0
ARANEAE,ATP8,20,0.3511652355244836
ARANEAE,ATP8,21,0
ARANEAE,ATP8,22,0.1799693454556245
ARANEAE,ATP8,23,0.4221382070233249
ARANEAE,ATP8,24,0
ARANEAE,ATP8,25,1.675360312186224
ARANEAE,ATP8,26,0
ARANEAE,ATP8,27,0.3387327289221602
ARANEAE,ATP8,28,0.4656224054959631
ARANEAE,ATP8,29,0.07157650603648744
ARANEAE,ATP8,30,0.6191682669072575
ARANEAE,ATP8,31,0.7611118712438405
ARANEAE,ATP8,32,0
ARANEAE,ATP8,33,4.447439105734666
ARANEAE,ATP8,34,9999.999898314883
ARANEAE,ATP8,35,6.719827044091388
ARANEAE,ATP8,36,0.4931365240549788
ARANEAE,ATP8,37,1.886443461188079
ARANEAE,ATP8,38,1.241654582288947
ARANEAE,ATP8,39,2.30143185894797
ARANEAE,ATP8,40,3.51489075023085
ARANEAE,ATP8,41,0
ARANEAE,ATP8,42,0.22813699201319
ARANEAE,ATP8,43,0
ARANEAE,ATP8,44,2.528181400620209
ARANEAE,ATP8,45,0.6000784955160982
ARANEAE,ATP8,46,0.6664940811186174
ARANEAE,ATP8,47,4.895671633293906
ARANEAE,ATP8,48,0
ARANEAE,ATP8,49,0
ARANEAE,ATP8,50,0
ARANEAE,ATP8,51,0
ARANEAE,ATP8,52,0
ARANEAE,ATP8,53,0
HEMIPTERA,ATP8,1,0
HEMIPTERA,ATP8,2,0
HEMIPTERA,ATP8,3,0
HEMIPTERA,ATP8,4,0.190670399736468
HEMIPTERA,ATP8,5,0.108561357074895
HEMIPTERA,ATP8,6,0
HEMIPTERA,ATP8,7,9999.99999999834
HEMIPTERA,ATP8,8,9999.99999999834
HEMIPTERA,ATP8,9,9999.99999999834
HEMIPTERA,ATP8,10,9999.99999999834
HEMIPTERA,ATP8,11,0.01568600984271981
HEMIPTERA,ATP8,12,0.05709267672288782
HEMIPTERA,ATP8,13,9999.99999999834
HEMIPTERA,ATP8,14,9999.99999999834
HEMIPTERA,ATP8,15,9999.99999999834
HEMIPTERA,ATP8,16,9999.99999999834
HEMIPTERA,ATP8,17,6.177762120354668
HEMIPTERA,ATP8,18,9999.99999999834
HEMIPTERA,ATP8,19,9999.99999999834
HEMIPTERA,ATP8,20,9999.99999999834
HEMIPTERA,ATP8,21,1.279041136117782
HEMIPTERA,ATP8,22,0.3886095247447481
HEMIPTERA,ATP8,23,9999.99999999834
HEMIPTERA,ATP8,24,0.2054346805279882
HEMIPTERA,ATP8,25,0.8214166088922726
HEMIPTERA,ATP8,26,0.0664759616357058
HEMIPTERA,ATP8,27,0
HEMIPTERA,ATP8,28,9999.99999999834
HEMIPTERA,ATP8,29,0.2425681414477996
HEMIPTERA,ATP8,30,9999.99999999834
HEMIPTERA,ATP8,31,1.135282807498805
HEMIPTERA,ATP8,32,9999.99999999834
HEMIPTERA,ATP8,33,2.003666778154432
HEMIPTERA,ATP8,34,9999.99999999834
HEMIPTERA,ATP8,35,4.504645285331134
HEMIPTERA,ATP8,36,0.2706233903925916
HEMIPTERA,ATP8,37,0.9896550327738566
HEMIPTERA,ATP8,38,9999.99999999834
HEMIPTERA,ATP8,39,9999.99999999834
HEMIPTERA,ATP8,40,9999.99999999834
HEMIPTERA,ATP8,41,9999.99999999834
HEMIPTERA,ATP8,42,9999.99999999834
HEMIPTERA,ATP8,43,9999.99999999834
HEMIPTERA,ATP8,44,0.9937096747832186
HEMIPTERA,ATP8,45,0.0027727257585168
HEMIPTERA,ATP8,46,9999.99999999834
HEMIPTERA,ATP8,47,1.508933171450808
HEMIPTERA,ATP8,48,0
HEMIPTERA,ATP8,49,9999.99999999834
HEMIPTERA,ATP8,50,0.1126818050786474
HEMIPTERA,ATP8,51,1.00000004902745
HEMIPTERA,ATP8,52,0
HEMIPTERA,ATP8,53,0.3211148514205396
HEMIPTERA,ATP8,54,0.2952793966845852
HEMIPTERA,ATP8,55,0.3153997906564233
HEMIPTERA,ATP8,56,9999.99999999834
HEMIPTERA,ATP8,57,2.096034744540031
HEMIPTERA,ATP8,58,0
UNIONOIDA,ATP8,1,0
UNIONOIDA,ATP8,2,0
UNIONOIDA,ATP8,3,0.6611872164189179
UNIONOIDA,ATP8,4,0.8722016547191312
UNIONOIDA,ATP8,5,0.203653361581998
UNIONOIDA,ATP8,6,0.2610177287411378
UNIONOIDA,ATP8,7,2.626797348479505
UNIONOIDA,ATP8,8,2.174261091398721
UNIONOIDA,ATP8,9,1.464740982530829
UNIONOIDA,ATP8,10,0.1848367906168371
UNIONOIDA,ATP8,11,1.462273808833985
UNIONOIDA,ATP8,12,11.46718169972126
UNIONOIDA,ATP8,13,0.2502857175467141
UNIONOIDA,ATP8,14,9999.99999999834
UNIONOIDA,ATP8,15,0.4656485860323812
UNIONOIDA,ATP8,16,6.361651797630912
UNIONOIDA,ATP8,17,1.115597759742773
UNIONOIDA,ATP8,18,0.9940998273961763
UNIONOIDA,ATP8,19,1.211643262296768
UNIONOIDA,ATP8,20,0.5399183219414788
UNIONOIDA,ATP8,21,0
UNIONOIDA,ATP8,22,0.4875498541689574
UNIONOIDA,ATP8,23,0.4144898907160184
UNIONOIDA,ATP8,24,0.4890641474943027
UNIONOIDA,ATP8,25,0.8642990355456377
UNIONOIDA,ATP8,26,1.570535653289372
UNIONOIDA,ATP8,27,0.6777967357907716
UNIONOIDA,ATP8,28,1.347252085178323
UNIONOIDA,ATP8,29,9999.99999999834
UNIONOIDA,ATP8,30,0
UNIONOIDA,ATP8,31,0.4602882394835803
UNIONOIDA,ATP8,32,0.3151494980287602
UNIONOIDA,ATP8,33,3.298021863542252
UNIONOIDA,ATP8,34,0.9258338853814931
UNIONOIDA,ATP8,35,2.327067566657034
UNIONOIDA,ATP8,36,2.215946337216641
UNIONOIDA,ATP8,37,0.9925658458514456
UNIONOIDA,ATP8,38,0.8369202825331481
UNIONOIDA,ATP8,39,22.40389310800071
UNIONOIDA,ATP8,40,1.704958399844063
UNIONOIDA,ATP8,41,0
UNIONOIDA,ATP8,42,2.741641589098075
UNIONOIDA,ATP8,43,9999.99999999834
UNIONOIDA,ATP8,44,1.630399772580768
UNIONOIDA,ATP8,45,9999.99999999834
UNIONOIDA,ATP8,46,0.5539287052930725
UNIONOIDA,ATP8,47,6.431934540928522
UNIONOIDA,ATP8,48,0.1752457829908705
UNIONOIDA,ATP8,49,1.66320801596175
UNIONOIDA,ATP8,50,9999.99999393531
UNIONOIDA,ATP8,51,5.491518378899232
UNIONOIDA,ATP8,52,0.890505187593284
UNIONOIDA,ATP8,53,0.1680941432738135
UNIONOIDA,ATP8,54,0
UNIONOIDA,ATP8,55,0
UNIONOIDA,ATP8,56,0
UNIONOIDA,ATP8,57,0
UNIONOIDA,ATP8,58,0
UNIONOIDA,ATP8,59,0
UNIONOIDA,ATP8,60,0
UNIONOIDA,ATP8,61,0
UNIONOIDA,ATP8,62,3.427030394144891
UNIONOIDA,ATP8,63,9999.99999999834
UNIONOIDA,ATP8,64,0
UNIONOIDA,ATP8,65,587.2721932769856
UNIONOIDA,ATP8,66,9999.99999999834
UNIONOIDA,ATP8,67,207.7636407266454
UNIONOIDA,ATP8,68,0
UNIONOIDA,ATP8,69,0
UNIONOIDA,ATP8,70,6.092246075120634
UNIONOIDA,ATP8,71,0.1720829224648593
UNIONOIDA,ATP8,72,0.0560625101347538
UNIONOIDA,ATP8,73,9999.999217356708
UNIONOIDA,ATP8,74,9999.99999999834
UNIONOIDA,ATP8,75,9999.99999999834
UNIONOIDA,ATP8,76,0.9770184772627033
UNIONOIDA,ATP8,77,0.6074553970723342
UNIONOIDA,ATP8,78,0.3687865800225213
UNIONOIDA,ATP8,79,1.745360802590002
UNIONOIDA,ATP8,80,0.4797432590490485
UNIONOIDA,ATP8,81,0
UNIONOIDA,ATP8,82,0
UNIONOIDA,ATP8,83,6.661304836794423
UNIONOIDA,ATP8,84,0
UNIONOIDA,ATP8,85,5.793144861691766
UNIONOIDA,ATP8,86,5.551115123125783e-17
UNIONOIDA,ATP8,87,0
UNIONOIDA,ATP8,88,0
PERISSODACTYLA,ATP8,1,0
PERISSODACTYLA,ATP8,2,0
PERISSODACTYLA,ATP8,3,0.7534348652612212
PERISSODACTYLA,ATP8,4,0.60021915376001
PERISSODACTYLA,ATP8,5,7.166348723213788
PERISSODACTYLA,ATP8,6,0
PERISSODACTYLA,ATP8,7,1.313833366169314
PERISSODACTYLA,ATP8,8,4.402623847020745
PERISSODACTYLA,ATP8,9,0
PERISSODACTYLA,ATP8,10,0
PERISSODACTYLA,ATP8,11,1.163557813956171
PERISSODACTYLA,ATP8,12,11.53671636380917
PERISSODACTYLA,ATP8,13,2.556290222762707
PERISSODACTYLA,ATP8,14,3.551021416230153
PERISSODACTYLA,ATP8,15,0
PERISSODACTYLA,ATP8,16,0
PERISSODACTYLA,ATP8,17,1.063303094997287
PERISSODACTYLA,ATP8,18,9999.99999999834
PERISSODACTYLA,ATP8,19,0.5635769980706954
PERISSODACTYLA,ATP8,20,1.081093819764196
PERISSODACTYLA,ATP8,21,2.360961779177632
PERISSODACTYLA,ATP8,22,4.032564627341253
PERISSODACTYLA,ATP8,23,2.488321921448402
PERISSODACTYLA,ATP8,24,1.837771145268243
PERISSODACTYLA,ATP8,25,5.735834522887587
PERISSODACTYLA,ATP8,26,0.3928697147713127
PERISSODACTYLA,ATP8,27,0
PERISSODACTYLA,ATP8,28,1.375179752319538
PERISSODACTYLA,ATP8,29,1.85716257478447
PERISSODACTYLA,ATP8,30,1.329632460929833
PERISSODACTYLA,ATP8,31,0
PERISSODACTYLA,ATP8,32,2.164110304652048
PERISSODACTYLA,ATP8,33,4.353609079001288
PERISSODACTYLA,ATP8,34,2.738614082736092
PERISSODACTYLA,ATP8,35,10.754335257741
PERISSODACTYLA,ATP8,36,1.02663359606645
PERISSODACTYLA,ATP8,37,0
PERISSODACTYLA,ATP8,38,1.620312300940499
PERISSODACTYLA,ATP8,39,51.35096340945422
PERISSODACTYLA,ATP8,40,6573.119120721305
PERISSODACTYLA,ATP8,41,0
PERISSODACTYLA,ATP8,42,2.854505807820625
PERISSODACTYLA,ATP8,43,0
PERISSODACTYLA,ATP8,44,0
PERISSODACTYLA,ATP8,45,1.633893797161525
PERISSODACTYLA,ATP8,46,2.622322213742799
PERISSODACTYLA,ATP8,47,0.9111047326833064
PERISSODACTYLA,ATP8,48,1.212916996246978
PERISSODACTYLA,ATP8,49,1.268792780252762
PERISSODACTYLA,ATP8,50,1.373370770898254
PERISSODACTYLA,ATP8,51,0
PERISSODACTYLA,ATP8,52,4.864654438559445
PERISSODACTYLA,ATP8,53,0
PERISSODACTYLA,ATP8,54,0
PERISSODACTYLA,ATP8,55,0
PERISSODACTYLA,ATP8,56,0
PERISSODACTYLA,ATP8,57,0
PERISSODACTYLA,ATP8,58,2.175814007693491
PERISSODACTYLA,ATP8,59,0
PERISSODACTYLA,ATP8,60,0.4783207781555496
PERISSODACTYLA,ATP8,61,0
PERISSODACTYLA,ATP8,62,0
PERISSODACTYLA,ATP8,63,1.383183787664324
PERISSODACTYLA,ATP8,64,0
PERISSODACTYLA,ATP8,65,0
PERISSODACTYLA,ATP8,66,0
PERISSODACTYLA,ATP8,67,0
PERISSODACTYLA,ATP8,68,0
PERISSODACTYLA,ATP8,69,0
TROMBIDIFORMES,ATP8,1,0
TROMBIDIFORMES,ATP8,2,0.1633404746626246
TROMBIDIFORMES,ATP8,3,0
TROMBIDIFORMES,ATP8,4,0.4417647273705321
TROMBIDIFORMES,ATP8,5,26.60086720804363
TROMBIDIFORMES,ATP8,6,0.3836227996480694
TROMBIDIFORMES,ATP8,7,1.372387291423058
TROMBIDIFORMES,ATP8,8,0.4685308590945544
TROMBIDIFORMES,ATP8,9,0.4163375963230168
TROMBIDIFORMES,ATP8,10,1.234544519746369
TROMBIDIFORMES,ATP8,11,0
TROMBIDIFORMES,ATP8,12,0.791172383596462
TROMBIDIFORMES,ATP8,13,0.4355396493505984
TROMBIDIFORMES,ATP8,14,0
TROMBIDIFORMES,ATP8,15,0.1310052223107514
TROMBIDIFORMES,ATP8,16,9999.99999999834
TROMBIDIFORMES,ATP8,17,0
TROMBIDIFORMES,ATP8,18,0
TROMBIDIFORMES,ATP8,19,0.7451882197218708
TROMBIDIFORMES,ATP8,20,0.5590931830392004
TROMBIDIFORMES,ATP8,21,0.00848995043044132
TROMBIDIFORMES,ATP8,22,0.3766572176761645
TROMBIDIFORMES,ATP8,23,0.3700082010479718
TROMBIDIFORMES,ATP8,24,11.86366699835621
TROMBIDIFORMES,ATP8,25,9999.99999999834
TROMBIDIFORMES,ATP8,26,0.4034464167773585
TROMBIDIFORMES,ATP8,27,0.3860315058975209
TROMBIDIFORMES,ATP8,28,0.4404280988339342
TROMBIDIFORMES,ATP8,29,0
TROMBIDIFORMES,ATP8,30,1.160627588950482
TROMBIDIFORMES,ATP8,31,0.4147541946625085
TROMBIDIFORMES,ATP8,32,9999.99999999834
TROMBIDIFORMES,ATP8,33,9999.99999999834
TROMBIDIFORMES,ATP8,34,9999.99999999834
TROMBIDIFORMES,ATP8,35,2.734306785629904
TROMBIDIFORMES,ATP8,36,9999.99999999834
TROMBIDIFORMES,ATP8,37,0.02302331461635003
TROMBIDIFORMES,ATP8,38,0.3526434970693659
TROMBIDIFORMES,ATP8,39,0.0859073755508905
TROMBIDIFORMES,ATP8,40,9999.99999999834
TROMBIDIFORMES,ATP8,41,0
TROMBIDIFORMES,ATP8,42,1.470584226571198
TROMBIDIFORMES,ATP8,43,1.411162631749643
TROMBIDIFORMES,ATP8,44,5.99161576328021
TROMBIDIFORMES,ATP8,45,0.09434498727659123
TROMBIDIFORMES,ATP8,46,0
TROMBIDIFORMES,ATP8,47,0.07420358346563455
TROMBIDIFORMES,ATP8,48,6.833461111048982
TROMBIDIFORMES,ATP8,49,0
TROMBIDIFORMES,ATP8,50,0
NEUROPTERA,ATP8,1,0
NEUROPTERA,ATP8,2,1.000000002842171
NEUROPTERA,ATP8,3,0
NEUROPTERA,ATP8,4,0
NEUROPTERA,ATP8,5,1.000000003751666
NEUROPTERA,ATP8,6,0.9999999908025416
NEUROPTERA,ATP8,7,1.000000017053026
NEUROPTERA,ATP8,8,0.999999994693714
NEUROPTERA,ATP8,9,0
NEUROPTERA,ATP8,10,0
NEUROPTERA,ATP8,11,1.000000010415763
NEUROPTERA,ATP8,12,0.9264174303884333
NEUROPTERA,ATP8,13,1.000000010658141
NEUROPTERA,ATP8,14,0.5384615429752625
NEUROPTERA,ATP8,15,1.222222230432938
NEUROPTERA,ATP8,16,1.000000010658141
NEUROPTERA,ATP8,17,1.000000004263256
NEUROPTERA,ATP8,18,0.9999999978683718
NEUROPTERA,ATP8,19,1.000000005334658
NEUROPTERA,ATP8,20,1.000000021316282
NEUROPTERA,ATP8,21,1.000000005684342
NEUROPTERA,ATP8,22,1.000000023341329
NEUROPTERA,ATP8,23,1.000000031974424
NEUROPTERA,ATP8,24,1.000000004263256
NEUROPTERA,ATP8,25,1
NEUROPTERA,ATP8,26,1.000000023092639
NEUROPTERA,ATP8,27,0.9999999983089083
NEUROPTERA,ATP8,28,0.9999999993265023
NEUROPTERA,ATP8,29,1.000000010658141
NEUROPTERA,ATP8,30,1.000000002842171
NEUROPTERA,ATP8,31,9999.99999999834
NEUROPTERA,ATP8,32,1.000000032093215
NEUROPTERA,ATP8,33,1.000000002634837
NEUROPTERA,ATP8,34,0.9992363612700628
NEUROPTERA,ATP8,35,1.000000024868996
NEUROPTERA,ATP8,36,1.000000000878279
NEUROPTERA,ATP8,37,0.9999999979962695
NEUROPTERA,ATP8,38,0.818181825228523
NEUROPTERA,ATP8,39,0
NEUROPTERA,ATP8,40,1.000000001590339
NEUROPTERA,ATP8,41,0.9992363629577947
NEUROPTERA,ATP8,42,0.9999999978967935
NEUROPTERA,ATP8,43,1.000000013109513
NEUROPTERA,ATP8,44,1.000000002842171
NEUROPTERA,ATP8,45,0.8181818253518404
NEUROPTERA,ATP8,46,0
NEUROPTERA,ATP8,47,1.000000008526513
NEUROPTERA,ATP8,48,1.000000009221931
NEUROPTERA,ATP8,49,1.000000000878279
NEUROPTERA,ATP8,50,0
NEUROPTERA,ATP8,51,0
NEUROPTERA,ATP8,52,0
NEUROPTERA,ATP8,53,0
OSTEOGLOSSIFORMES,ATP8,1,0
OSTEOGLOSSIFORMES,ATP8,2,0.9796726706492342
OSTEOGLOSSIFORMES,ATP8,3,0.7485140937577278
OSTEOGLOSSIFORMES,ATP8,4,0.5358832938409838
OSTEOGLOSSIFORMES,ATP8,5,0.7022281756119123
OSTEOGLOSSIFORMES,ATP8,6,0.8035045725386
OSTEOGLOSSIFORMES,ATP8,7,0.4955004364430096
OSTEOGLOSSIFORMES,ATP8,8,1.491007298278343
OSTEOGLOSSIFORMES,ATP8,9,1.43199220928129
OSTEOGLOSSIFORMES,ATP8,10,0.5905438579801129
OSTEOGLOSSIFORMES,ATP8,11,1.911957837798273
OSTEOGLOSSIFORMES,ATP8,12,2.936587563568693
OSTEOGLOSSIFORMES,ATP8,13,1.426415445804174
OSTEOGLOSSIFORMES,ATP8,14,6.468231113216401
OSTEOGLOSSIFORMES,ATP8,15,6.177012952071562
OSTEOGLOSSIFORMES,ATP8,16,0.4090415312974091
OSTEOGLOSSIFORMES,ATP8,17,1028.926693638465
OSTEOGLOSSIFORMES,ATP8,18,2.111089858749228
OSTEOGLOSSIFORMES,ATP8,19,2.974994398505848
OSTEOGLOSSIFORMES,ATP8,20,7.927270150029456
OSTEOGLOSSIFORMES,ATP8,21,2.498819411733205
OSTEOGLOSSIFORMES,ATP8,22,1.687334958136023
OSTEOGLOSSIFORMES,ATP8,23,76.20038129731545
OSTEOGLOSSIFORMES,ATP8,24,1.644080475854155
OSTEOGLOSSIFORMES,ATP8,25,1.879276130947208
OSTEOGLOSSIFORMES,ATP8,26,1.333768282878852
OSTEOGLOSSIFORMES,ATP8,27,0.8294347870351939
OSTEOGLOSSIFORMES,ATP8,28,0.1889424928326287
OSTEOGLOSSIFORMES,ATP8,29,1.420428023023765
OSTEOGLOSSIFORMES,ATP8,30,7.680143257377768
OSTEOGLOSSIFORMES,ATP8,31,4.180570707001815
OSTEOGLOSSIFORMES,ATP8,32,3.73393256887779
OSTEOGLOSSIFORMES,ATP8,33,1.590797465910394
OSTEOGLOSSIFORMES,ATP8,34,1.451457461353492
OSTEOGLOSSIFORMES,ATP8,35,0.7810885247936938
OSTEOGLOSSIFORMES,ATP8,36,0.7320809316387326
OSTEOGLOSSIFORMES,ATP8,37,1.513938613902009
OSTEOGLOSSIFORMES,ATP8,38,0.6982325397219685
OSTEOGLOSSIFORMES,ATP8,39,0.8130018580458203
OSTEOGLOSSIFORMES,ATP8,40,1.2143343277567
OSTEOGLOSSIFORMES,ATP8,41,0.9583538314852934
OSTEOGLOSSIFORMES,ATP8,42,0.5580341665823302
OSTEOGLOSSIFORMES,ATP8,43,0
OSTEOGLOSSIFORMES,ATP8,44,0
OSTEOGLOSSIFORMES,ATP8,45,2.826350991553947
OSTEOGLOSSIFORMES,ATP8,46,0.7751098560966342
OSTEOGLOSSIFORMES,ATP8,47,0.6089112798498169
OSTEOGLOSSIFORMES,ATP8,48,1.788029031696905
OSTEOGLOSSIFORMES,ATP8,49,0.802573293709462
OSTEOGLOSSIFORMES,ATP8,50,1.429100135402606
OSTEOGLOSSIFORMES,ATP8,51,0
OSTEOGLOSSIFORMES,ATP8,52,0
OSTEOGLOSSIFORMES,ATP8,53,0
OSTEOGLOSSIFORMES,ATP8,54,0
OSTEOGLOSSIFORMES,ATP8,55,0.1865278861159149
OSTEOGLOSSIFORMES,ATP8,56,0
GRUIFORMES,ATP8,1,0
GRUIFORMES,ATP8,2,0.5595853379657172
GRUIFORMES,ATP8,3,0
GRUIFORMES,ATP8,4,507.0562041050863
GRUIFORMES,ATP8,5,0.9370817736169459
GRUIFORMES,ATP8,6,17.34466267784974
GRUIFORMES,ATP8,7,7.482805011148027
GRUIFORMES,ATP8,8,0
GRUIFORMES,ATP8,9,11.39188685104841
GRUIFORMES,ATP8,10,4.495869515432596
GRUIFORMES,ATP8,11,0.4185048994294867
GRUIFORMES,ATP8,12,1.453129188269495
GRUIFORMES,ATP8,13,0
GRUIFORMES,ATP8,14,318.8005896895506
GRUIFORMES,ATP8,15,0
GRUIFORMES,ATP8,16,0.4286729999865342
GRUIFORMES,ATP8,17,0
GRUIFORMES,ATP8,18,9.020203210420433
GRUIFORMES,ATP8,19,1.53284228880302
GRUIFORMES,ATP8,20,9999.99999999834
GRUIFORMES,ATP8,21,0.5579666133728965
GRUIFORMES,ATP8,22,2.63026399567237
GRUIFORMES,ATP8,23,0.8853735843197678
GRUIFORMES,ATP8,24,9999.99999999834
GRUIFORMES,ATP8,25,1.944174600862706
GRUIFORMES,ATP8,26,0.7529911306135315
GRUIFORMES,ATP8,27,0
GRUIFORMES,ATP8,28,0.6069255830300535
GRUIFORMES,ATP8,29,0.5530048281366053
GRUIFORMES,ATP8,30,9999.996594108976
GRUIFORMES,ATP8,31,7.14117295928167
GRUIFORMES,ATP8,32,1.628165173404255
GRUIFORMES,ATP8,33,0.2778484345583719
GRUIFORMES,ATP8,34,1.388706043858863
GRUIFORMES,ATP8,35,1.081276316342585
GRUIFORMES,ATP8,36,0.4730911513602375
GRUIFORMES,ATP8,37,1.05034017975914
GRUIFORMES,ATP8,38,1.685186442575362
GRUIFORMES,ATP8,39,5.771427598145135
GRUIFORMES,ATP8,40,0
GRUIFORMES,ATP8,41,0.8498017736741672
GRUIFORMES,ATP8,42,9999.99999999834
GRUIFORMES,ATP8,43,0.5725244234182647
GRUIFORMES,ATP8,44,0.6494431833650941
GRUIFORMES,ATP8,45,2.136068696810204
GRUIFORMES,ATP8,46,0
GRUIFORMES,ATP8,47,1.03251675455064
GRUIFORMES,ATP8,48,0
GRUIFORMES,ATP8,49,1.723776045485625
GRUIFORMES,ATP8,50,0
GRUIFORMES,ATP8,51,0
GRUIFORMES,ATP8,52,0
GRUIFORMES,ATP8,53,0
GRUIFORMES,ATP8,54,0
GRUIFORMES,ATP8,55,0.2767236749860911
GRUIFORMES,ATP8,56,0
HYMENOPTERA,ATP8,1,9980.0527489859
HYMENOPTERA,ATP8,2,0.5242870379001909
HYMENOPTERA,ATP8,3,11.33681119862002
HYMENOPTERA,ATP8,4,0.4486013745852905
HYMENOPTERA,ATP8,5,0.1638481219283507
HYMENOPTERA,ATP8,6,1.841329782392172
HYMENOPTERA,ATP8,7,2.475732518331129
HYMENOPTERA,ATP8,8,0
HYMENOPTERA,ATP8,9,1.169714777374984
HYMENOPTERA,ATP8,10,0.3960343368679929
HYMENOPTERA,ATP8,11,5.030143885071618
HYMENOPTERA,ATP8,12,2.069624182692087
HYMENOPTERA,ATP8,13,8.553338103239364
HYMENOPTERA,ATP8,14,2.584116943699422
HYMENOPTERA,ATP8,15,4.067554454054251
HYMENOPTERA,ATP8,16,1.140174151843609
HYMENOPTERA,ATP8,17,0.5791629252125314
HYMENOPTERA,ATP8,18,0.4156437937234307
HYMENOPTERA,ATP8,19,0.6554367965347134
HYMENOPTERA,ATP8,20,0.0985249447803296
HYMENOPTERA,ATP8,21,3.633493785817303
HYMENOPTERA,ATP8,22,0
HYMENOPTERA,ATP8,23,2.521305886230381
HYMENOPTERA,ATP8,24,0.8658678724441642
HYMENOPTERA,ATP8,25,1.037989857723749
HYMENOPTERA,ATP8,26,3.019255438160896
HYMENOPTERA,ATP8,27,0.2415358487230241
HYMENOPTERA,ATP8,28,7.121775475896461
HYMENOPTERA,ATP8,29,1.295834919941361
HYMENOPTERA,ATP8,30,1.085514730203086
HYMENOPTERA,ATP8,31,0.2500765745942021
HYMENOPTERA,ATP8,32,1.087557261584845
HYMENOPTERA,ATP8,33,1.310103825343192
HYMENOPTERA,ATP8,34,2.245894263310686
HYMENOPTERA,ATP8,35,0.1127377516612689
HYMENOPTERA,ATP8,36,1.346784588167957
HYMENOPTERA,ATP8,37,0.6559581281386262
HYMENOPTERA,ATP8,38,0.2238804972154308
HYMENOPTERA,ATP8,39,9999.99999999834
HYMENOPTERA,ATP8,40,0.07611418858227513
HYMENOPTERA,ATP8,41,0.7243853204586259
HYMENOPTERA,ATP8,42,6.556168961705223
HYMENOPTERA,ATP8,43,1.80401881212404
HYMENOPTERA,ATP8,44,2.106752110063034
HYMENOPTERA,ATP8,45,0.8899066449894748
HYMENOPTERA,ATP8,46,0.1487514557906502
HYMENOPTERA,ATP8,47,6.975202081216895
HYMENOPTERA,ATP8,48,0
HYMENOPTERA,ATP8,49,5.130239483177354
HYMENOPTERA,ATP8,50,9999.99999999834
HYMENOPTERA,ATP8,51,0
HYMENOPTERA,ATP8,52,9999.99999999834
HYMENOPTERA,ATP8,53,1.097904026607802
HYMENOPTERA,ATP8,54,1.129870864485779
HYMENOPTERA,ATP8,55,0
HYMENOPTERA,ATP8,56,0.53007159451739
HYMENOPTERA,ATP8,57,0
HYMENOPTERA,ATP8,58,0
HYMENOPTERA,ATP8,59,0
HYMENOPTERA,ATP8,60,0
DIPTERA,ATP8,1,2.115842174345595
DIPTERA,ATP8,2,0.6986681364855168
DIPTERA,ATP8,3,17.61652642959907
DIPTERA,ATP8,4,0
DIPTERA,ATP8,5,0.1497351563788966
DIPTERA,ATP8,6,7.312968775222755
DIPTERA,ATP8,7,0.702256335318262
DIPTERA,ATP8,8,0.717499292956747
DIPTERA,ATP8,9,3.35860558964262
DIPTERA,ATP8,10,0.1124312323346156
DIPTERA,ATP8,11,0.6761254439633769
DIPTERA,ATP8,12,1.103703865290293
DIPTERA,ATP8,13,0.1692398545558742
DIPTERA,ATP8,14,1.563735830577742
DIPTERA,ATP8,15,1.878940612353308
DIPTERA,ATP8,16,0.2780054353996407
DIPTERA,ATP8,17,0.5560449898494767
DIPTERA,ATP8,18,9999.99948490731
DIPTERA,ATP8,19,0.5710845903413309
DIPTERA,ATP8,20,14.58420062236501
DIPTERA,ATP8,21,0.4287308103818513
DIPTERA,ATP8,22,0.3289615591252192
DIPTERA,ATP8,23,3.074367352867723
DIPTERA,ATP8,24,0.5227026379190549
DIPTERA,ATP8,25,0.382485121487021
DIPTERA,ATP8,26,0
DIPTERA,ATP8,27,25.89079725706547
DIPTERA,ATP8,28,2.029294605810358
DIPTERA,ATP8,29,0.424099118204379
DIPTERA,ATP8,30,0.4166330359366134
DIPTERA,ATP8,31,0.2445828787088208
DIPTERA,ATP8,32,1.745363113370825
DIPTERA,ATP8,33,0.270574018431856
DIPTERA,ATP8,34,0.7690955632185195
DIPTERA,ATP8,35,0.3968263726847634
DIPTERA,ATP8,36,0.1035140808975964
DIPTERA,ATP8,37,0
DIPTERA,ATP8,38,0.5048979523147745
DIPTERA,ATP8,39,0.288732362520232
DIPTERA,ATP8,40,9.428326296348711
DIPTERA,ATP8,41,1.442260064381524
DIPTERA,ATP8,42,4.922360483893722
DIPTERA,ATP8,43,0.2712687584831358
DIPTERA,ATP8,44,9999.99999999834
DIPTERA,ATP8,45,9999.99999999834
DIPTERA,ATP8,46,9999.99999999834
DIPTERA,ATP8,47,1.037919254660547
DIPTERA,ATP8,48,0.9316919053080326
DIPTERA,ATP8,49,1.01898946055705
DIPTERA,ATP8,50,3.814137251121595
DIPTERA,ATP8,51,1.249380489769543
DIPTERA,ATP8,52,0
DIPTERA,ATP8,53,0
DIPTERA,ATP8,54,0
DIPTERA,ATP8,55,0
BELONIFORMES,ATP8,1,0
BELONIFORMES,ATP8,2,1.607475160942548
BELONIFORMES,ATP8,3,0.3769985802216231
BELONIFORMES,ATP8,4,1.093349018722914
BELONIFORMES,ATP8,5,0.6938293895546551
BELONIFORMES,ATP8,6,2.208731362012016
BELONIFORMES,ATP8,7,0.4406864061295852
BELONIFORMES,ATP8,8,0.7570300027345238
BELONIFORMES,ATP8,9,1.000226777928575
BELONIFORMES,ATP8,10,0.7443220741224281
BELONIFORMES,ATP8,11,0.2836060944451812
BELONIFORMES,ATP8,12,1.46315354070842
BELONIFORMES,ATP8,13,9.505873729213357
BELONIFORMES,ATP8,14,1.553296675723543
BELONIFORMES,ATP8,15,7.176833599512067
BELONIFORMES,ATP8,16,0.6492037738033041
BELONIFORMES,ATP8,17,1.300172432708208
BELONIFORMES,ATP8,18,1.22636636158104
BELONIFORMES,ATP8,19,1.937761883153146
BELONIFORMES,ATP8,20,1.100004800896146
BELONIFORMES,ATP8,21,0.854119739055962
BELONIFORMES,ATP8,22,0.6910727236123643
BELONIFORMES,ATP8,23,0.568005448649844
BELONIFORMES,ATP8,24,8.804697151239113
BELONIFORMES,ATP8,25,0.6101515759815411
BELONIFORMES,ATP8,26,54.69874492271023
BELONIFORMES,ATP8,27,0
BELONIFORMES,ATP8,28,1.831431467578567
BELONIFORMES,ATP8,29,4.591501673671309
BELONIFORMES,ATP8,30,1.174072999245604
BELONIFORMES,ATP8,31,2.219477635627891
BELONIFORMES,ATP8,32,3.410106730229463
BELONIFORMES,ATP8,33,2.238677727662682
BELONIFORMES,ATP8,34,0
BELONIFORMES,ATP8,35,0.7130295554726854
BELONIFORMES,ATP8,36,9999.999636338693
BELONIFORMES,ATP8,37,507.8304587787585
BELONIFORMES,ATP8,38,2.47726839089375
BELONIFORMES,ATP8,39,5.584467553459238
BELONIFORMES,ATP8,40,3.131166505617086
BELONIFORMES,ATP8,41,3.327835098252105
BELONIFORMES,ATP8,42,1.571969630422458
BELONIFORMES,ATP8,43,0
BELONIFORMES,ATP8,44,15.38147775072129
BELONIFORMES,ATP8,45,2.657861699986584
BELONIFORMES,ATP8,46,0.722048948830719
BELONIFORMES,ATP8,47,0.3686341277285518
BELONIFORMES,ATP8,48,9999.999979821552
BELONIFORMES,ATP8,49,0.1311476140124149
BELONIFORMES,ATP8,50,0
BELONIFORMES,ATP8,51,0.7985965493275121
BELONIFORMES,ATP8,52,3.897015508670965
BELONIFORMES,ATP8,53,0.1872412881521241
BELONIFORMES,ATP8,54,1.060897270296838
BELONIFORMES,ATP8,55,0.1618059873787473
BELONIFORMES,ATP8,56,0
BELONIFORMES,ATP8,57,0
PSITTACIFORMES,ATP8,1,0
PSITTACIFORMES,ATP8,2,4.089011229481957
PSITTACIFORMES,ATP8,3,0
PSITTACIFORMES,ATP8,4,1.842982176961295
PSITTACIFORMES,ATP8,5,3711.08426844844
PSITTACIFORMES,ATP8,6,0
PSITTACIFORMES,ATP8,7,0
PSITTACIFORMES,ATP8,8,2.741005459135557
PSITTACIFORMES,ATP8,9,41.37511792534709
PSITTACIFORMES,ATP8,10,1.488743996353974
PSITTACIFORMES,ATP8,11,1.028922487359198
PSITTACIFORMES,ATP8,12,0
PSITTACIFORMES,ATP8,13,2.783554813063935
PSITTACIFORMES,ATP8,14,0
PSITTACIFORMES,ATP8,15,2.64844735042561
PSITTACIFORMES,ATP8,16,1.215523635488811
PSITTACIFORMES,ATP8,17,0
PSITTACIFORMES,ATP8,18,9.761995935554946
PSITTACIFORMES,ATP8,19,1.285247151856089
PSITTACIFORMES,ATP8,20,0
PSITTACIFORMES,ATP8,21,0.7930300759282485
PSITTACIFORMES,ATP8,22,1.141113459960251
PSITTACIFORMES,ATP8,23,1.680128420465921
PSITTACIFORMES,ATP8,24,0
PSITTACIFORMES,ATP8,25,0
PSITTACIFORMES,ATP8,26,1.010575356893183
PSITTACIFORMES,ATP8,27,0
PSITTACIFORMES,ATP8,28,0
PSITTACIFORMES,ATP8,29,0.4138491283170384
PSITTACIFORMES,ATP8,30,1.254752699394537
PSITTACIFORMES,ATP8,31,5.193347520288609
PSITTACIFORMES,ATP8,32,0.9164034674930337
PSITTACIFORMES,ATP8,33,2.494075696647331
PSITTACIFORMES,ATP8,34,0
PSITTACIFORMES,ATP8,35,22.89990764438323
PSITTACIFORMES,ATP8,36,1.617779594886731
PSITTACIFORMES,ATP8,37,0
PSITTACIFORMES,ATP8,38,1.007215325027585
PSITTACIFORMES,ATP8,39,0
PSITTACIFORMES,ATP8,40,0
PSITTACIFORMES,ATP8,41,37.28562219205412
PSITTACIFORMES,ATP8,42,2.20531465515219
PSITTACIFORMES,ATP8,43,0
PSITTACIFORMES,ATP8,44,0
PSITTACIFORMES,ATP8,45,0.8795597080571909
PSITTACIFORMES,ATP8,46,0
PSITTACIFORMES,ATP8,47,0
PSITTACIFORMES,ATP8,48,2.103838937607823
PSITTACIFORMES,ATP8,49,1.340526414768292
PSITTACIFORMES,ATP8,50,0
PSITTACIFORMES,ATP8,51,0.8680893515148763
PSITTACIFORMES,ATP8,52,0
PSITTACIFORMES,ATP8,53,0
PSITTACIFORMES,ATP8,54,0
PSITTACIFORMES,ATP8,55,9999.99999999834
PSITTACIFORMES,ATP8,56,0
COLEOPTERA,ATP8,1,0.1942884706615441
COLEOPTERA,ATP8,2,1.183135528112691
COLEOPTERA,ATP8,3,0
COLEOPTERA,ATP8,4,0.1538976232420216
COLEOPTERA,ATP8,5,0.3933353470925776
COLEOPTERA,ATP8,6,0.7406426863665124
COLEOPTERA,ATP8,7,2.238460661865981
COLEOPTERA,ATP8,8,0.3505270571032528
COLEOPTERA,ATP8,9,0.1363983416247658
COLEOPTERA,ATP8,10,0
COLEOPTERA,ATP8,11,0.8607328856948749
COLEOPTERA,ATP8,12,1.262347774618749
COLEOPTERA,ATP8,13,0
COLEOPTERA,ATP8,14,0.07281090023650127
COLEOPTERA,ATP8,15,0
COLEOPTERA,ATP8,16,1.64640652379137
COLEOPTERA,ATP8,17,0.7979393511311998
COLEOPTERA,ATP8,18,0.5934522079935922
COLEOPTERA,ATP8,19,0.8395867188070355
COLEOPTERA,ATP8,20,2.948483380132034
COLEOPTERA,ATP8,21,10.09471972380573
COLEOPTERA,ATP8,22,1.003656954619976
COLEOPTERA,ATP8,23,0.2765987605702865
COLEOPTERA,ATP8,24,3.392049190723045
COLEOPTERA,ATP8,25,0.5341618791068289
COLEOPTERA,ATP8,26,2.64025337963885
COLEOPTERA,ATP8,27,1.1195473871978
COLEOPTERA,ATP8,28,2.282572969959659
COLEOPTERA,ATP8,29,1.194287838999142
COLEOPTERA,ATP8,30,0.3846267552703728
COLEOPTERA,ATP8,31,0.2180452006863182
COLEOPTERA,ATP8,32,1.344757823750211
COLEOPTERA,ATP8,33,1.427908336453784
COLEOPTERA,ATP8,34,0.1455380371067979
COLEOPTERA,ATP8,35,1.243402375823714
COLEOPTERA,ATP8,36,0.3890959757389221
COLEOPTERA,ATP8,37,2.913686121710906
COLEOPTERA,ATP8,38,1.161763330327772
COLEOPTERA,ATP8,39,9999.99999999834
COLEOPTERA,ATP8,40,9.65694251265904
COLEOPTERA,ATP8,41,0.3410549431786923
COLEOPTERA,ATP8,42,1.015049045801707
COLEOPTERA,ATP8,43,0
COLEOPTERA,ATP8,44,0.297408058920711
COLEOPTERA,ATP8,45,0.7408840149604109
COLEOPTERA,ATP8,46,0.7154538534199656
COLEOPTERA,ATP8,47,0
COLEOPTERA,ATP8,48,9999.99999999834
COLEOPTERA,ATP8,49,0.4310557852015335
COLEOPTERA,ATP8,50,0
COLEOPTERA,ATP8,51,0
COLEOPTERA,ATP8,52,1.830347003640596
COLEOPTERA,ATP8,53,9999.99999999834
COLEOPTERA,ATP8,54,1.483680953014612
COLEOPTERA,ATP8,55,0
COLEOPTERA,ATP8,56,0
COLEOPTERA,ATP8,57,0
COLEOPTERA,ATP8,58,0
TEUTHIDA,ATP8,1,0
TEUTHIDA,ATP8,2,0.4488065486235469
TEUTHIDA,ATP8,3,0
TEUTHIDA,ATP8,4,0.789865512236759
TEUTHIDA,ATP8,5,0.3347185855230155
TEUTHIDA,ATP8,6,0.7597168276177569
TEUTHIDA,ATP8,7,50.86518004429243
TEUTHIDA,ATP8,8,1.344207670872278
TEUTHIDA,ATP8,9,0
TEUTHIDA,ATP8,10,0
TEUTHIDA,ATP8,11,0.827918418198017
TEUTHIDA,ATP8,12,0.6067925831737029
TEUTHIDA,ATP8,13,0
TEUTHIDA,ATP8,14,0
TEUTHIDA,ATP8,15,0
TEUTHIDA,ATP8,16,4.929361608079786
TEUTHIDA,ATP8,17,2.102619527274584
TEUTHIDA,ATP8,18,0.5841225810596022
TEUTHIDA,ATP8,19,10.73915665972221
TEUTHIDA,ATP8,20,9999.99999999834
TEUTHIDA,ATP8,21,0
TEUTHIDA,ATP8,22,9999.99999999834
TEUTHIDA,ATP8,23,357.5007528133445
TEUTHIDA,ATP8,24,0
TEUTHIDA,ATP8,25,0.254207249373666
TEUTHIDA,ATP8,26,0.3461604650254175
TEUTHIDA,ATP8,27,0
TEUTHIDA,ATP8,28,0
TEUTHIDA,ATP8,29,0
TEUTHIDA,ATP8,30,87.22806259704439
TEUTHIDA,ATP8,31,26.14623537801855
TEUTHIDA,ATP8,32,0.3797589976338541
TEUTHIDA,ATP8,33,34.86396369199953
TEUTHIDA,ATP8,34,9999.99999999834
TEUTHIDA,ATP8,35,497.5379408969741
TEUTHIDA,ATP8,36,1.62600513044478
TEUTHIDA,ATP8,37,3.06865395990838
TEUTHIDA,ATP8,38,0.7858701916799032
TEUTHIDA,ATP8,39,3060.922948610714
TEUTHIDA,ATP8,40,9999.99999999834
TEUTHIDA,ATP8,41,1.057270760619478
TEUTHIDA,ATP8,42,1.450161566260636
TEUTHIDA,ATP8,43,20.66763508894001
TEUTHIDA,ATP8,44,0.9948806047590248
TEUTHIDA,ATP8,45,0
TEUTHIDA,ATP8,46,9999.99999999834
TEUTHIDA,ATP8,47,2.013351571881194
TEUTHIDA,ATP8,48,0.525366886001106
TEUTHIDA,ATP8,49,77.16349026917257
TEUTHIDA,ATP8,50,0
TEUTHIDA,ATP8,51,0
TEUTHIDA,ATP8,52,0
COLLEMBOLA,ATP8,1,9999.99999999834
COLLEMBOLA,ATP8,2,0.2174974433588744
COLLEMBOLA,ATP8,3,9999.99999999834
COLLEMBOLA,ATP8,4,0
COLLEMBOLA,ATP8,5,9999.99999999834
COLLEMBOLA,ATP8,6,9999.99999999834
COLLEMBOLA,ATP8,7,0
COLLEMBOLA,ATP8,8,9999.99999999834
COLLEMBOLA,ATP8,9,9999.99999999834
COLLEMBOLA,ATP8,10,1.240956232583217
COLLEMBOLA,ATP8,11,0.2859741943400549
COLLEMBOLA,ATP8,12,0.6057916532608312
COLLEMBOLA,ATP8,13,0.3253976015448876
COLLEMBOLA,ATP8,14,9999.99999999834
COLLEMBOLA,ATP8,15,3.514732202752247
COLLEMBOLA,ATP8,16,0.7205856756416243
COLLEMBOLA,ATP8,17,0.2402470340783049
COLLEMBOLA,ATP8,18,56.14409910624568
COLLEMBOLA,ATP8,19,0.3986370120790443
COLLEMBOLA,ATP8,20,9999.99999999834
COLLEMBOLA,ATP8,21,0.3037476588732875
COLLEMBOLA,ATP8,22,9999.99999999834
COLLEMBOLA,ATP8,23,0.1936866153067581
COLLEMBOLA,ATP8,24,0.1019352351533864
COLLEMBOLA,ATP8,25,0
COLLEMBOLA,ATP8,26,9999.99999999834
COLLEMBOLA,ATP8,27,2.185804550377653
COLLEMBOLA,ATP8,28,9999.99999999834
COLLEMBOLA,ATP8,29,0.5005587504945739
COLLEMBOLA,ATP8,30,3.389854183837798
COLLEMBOLA,ATP8,31,8.088775873699673
COLLEMBOLA,ATP8,32,2.573237477303355
COLLEMBOLA,ATP8,33,9999.99999999834
COLLEMBOLA,ATP8,34,1.201701616347783
COLLEMBOLA,ATP8,35,1.90512948332864
COLLEMBOLA,ATP8,36,0
COLLEMBOLA,ATP8,37,0
COLLEMBOLA,ATP8,38,1.216554747399165
COLLEMBOLA,ATP8,39,9999.99999999834
COLLEMBOLA,ATP8,40,0.8834327965207834
COLLEMBOLA,ATP8,41,1.52472885515892
COLLEMBOLA,ATP8,42,0
COLLEMBOLA,ATP8,43,0.8348517489370058
COLLEMBOLA,ATP8,44,0.7798503261551528
COLLEMBOLA,ATP8,45,1.508040305650969
COLLEMBOLA,ATP8,46,43.91953216793762
COLLEMBOLA,ATP8,47,9999.99999999834
COLLEMBOLA,ATP8,48,0
COLLEMBOLA,ATP8,49,0.3095611632825562
COLLEMBOLA,ATP8,50,0
COLLEMBOLA,ATP8,51,2.219762427322669
COLLEMBOLA,ATP8,52,9999.99999999834
COLLEMBOLA,ATP8,53,0.9904166010537915
COLLEMBOLA,ATP8,54,0.2259540309747603
COLLEMBOLA,ATP8,55,9999.999680256793
COLLEMBOLA,ATP8,56,0
COLLEMBOLA,ATP8,57,0
COLLEMBOLA,ATP8,58,0
COLLEMBOLA,ATP8,59,0
LEPIDOPTERA,ATP8,1,0.415173251252909
LEPIDOPTERA,ATP8,2,1.988141690770644
LEPIDOPTERA,ATP8,3,0
LEPIDOPTERA,ATP8,4,0
LEPIDOPTERA,ATP8,5,0
LEPIDOPTERA,ATP8,6,100.4591321726497
LEPIDOPTERA,ATP8,7,1.107801803430561
LEPIDOPTERA,ATP8,8,24.51131690177806
LEPIDOPTERA,ATP8,9,0
LEPIDOPTERA,ATP8,10,8.468224352715628
LEPIDOPTERA,ATP8,11,9999.993595077367
LEPIDOPTERA,ATP8,12,0.1182386969435354
LEPIDOPTERA,ATP8,13,6.777787948145288
LEPIDOPTERA,ATP8,14,1.731073837706324
LEPIDOPTERA,ATP8,15,0.4557559208858513
LEPIDOPTERA,ATP8,16,0.4557584782194023
LEPIDOPTERA,ATP8,17,9999.9977806744
LEPIDOPTERA,ATP8,18,0.1122681733082927
LEPIDOPTERA,ATP8,19,0.2741521571527492
LEPIDOPTERA,ATP8,20,0.3387945887480029
LEPIDOPTERA,ATP8,21,0.9152192511403566
LEPIDOPTERA,ATP8,22,7.61594520065869
LEPIDOPTERA,ATP8,23,0.3626653439797678
LEPIDOPTERA,ATP8,24,0
LEPIDOPTERA,ATP8,25,0.68599357069104
LEPIDOPTERA,ATP8,26,0
LEPIDOPTERA,ATP8,27,2.579010317316042
LEPIDOPTERA,ATP8,28,9999.99999999834
LEPIDOPTERA,ATP8,29,2.466147817657905
LEPIDOPTERA,ATP8,30,0.247439023598387
LEPIDOPTERA,ATP8,31,0.7677787806017388
LEPIDOPTERA,ATP8,32,0
LEPIDOPTERA,ATP8,33,0.3188710467821626
LEPIDOPTERA,ATP8,34,0
LEPIDOPTERA,ATP8,35,3.923177298282778
LEPIDOPTERA,ATP8,36,9999.99953384462
LEPIDOPTERA,ATP8,37,0
LEPIDOPTERA,ATP8,38,0.1451064409032842
LEPIDOPTERA,ATP8,39,9999.99999999834
LEPIDOPTERA,ATP8,40,0
LEPIDOPTERA,ATP8,41,0
LEPIDOPTERA,ATP8,42,0
LEPIDOPTERA,ATP8,43,0
LEPIDOPTERA,ATP8,44,0
LEPIDOPTERA,ATP8,45,0
LEPIDOPTERA,ATP8,46,1.458231139601698
LEPIDOPTERA,ATP8,47,0.4515586066107327
LEPIDOPTERA,ATP8,48,1.125788209273415
LEPIDOPTERA,ATP8,49,1.073340983477938
LEPIDOPTERA,ATP8,50,9999.995143535765
LEPIDOPTERA,ATP8,51,0
LEPIDOPTERA,ATP8,52,1.168337725357589
LEPIDOPTERA,ATP8,53,13.89413616222805
LEPIDOPTERA,ATP8,54,9999.99999999834
LEPIDOPTERA,ATP8,55,5.358411507209941
LEPIDOPTERA,ATP8,56,9999.9995594959
LEPIDOPTERA,ATP8,57,9999.99999999834
LEPIDOPTERA,ATP8,58,0
LEPIDOPTERA,ATP8,59,0
LEPIDOPTERA,ATP8,60,0
LEPIDOPTERA,ATP8,61,0
CLUPEIFORMES,ATP8,1,0
CLUPEIFORMES,ATP8,2,0.4616014019598167
CLUPEIFORMES,ATP8,3,0.4475517282753642
CLUPEIFORMES,ATP8,4,1.614892083971739
CLUPEIFORMES,ATP8,5,0.7480743574869457
CLUPEIFORMES,ATP8,6,0.847292510318769
CLUPEIFORMES,ATP8,7,0.4874477033426118
CLUPEIFORMES,ATP8,8,0.9027602076720631
CLUPEIFORMES,ATP8,9,0.3504474530273859
CLUPEIFORMES,ATP8,10,0.2141226052739432
CLUPEIFORMES,ATP8,11,0.6576796901603985
CLUPEIFORMES,ATP8,12,0.6892374087490519
CLUPEIFORMES,ATP8,13,3.298289487303015
CLUPEIFORMES,ATP8,14,0.8062432363037358
CLUPEIFORMES,ATP8,15,1.120763167099783
CLUPEIFORMES,ATP8,16,1.170429809880254
CLUPEIFORMES,ATP8,17,1.030052609588886
CLUPEIFORMES,ATP8,18,1.159041640435881
CLUPEIFORMES,ATP8,19,1.76686051137239
CLUPEIFORMES,ATP8,20,0.8330660279026855
CLUPEIFORMES,ATP8,21,1.434674213080131
CLUPEIFORMES,ATP8,22,1.739078787969526
CLUPEIFORMES,ATP8,23,3.774810541571645
CLUPEIFORMES,ATP8,24,1.976570942666589
CLUPEIFORMES,ATP8,25,1.692050758094349
CLUPEIFORMES,ATP8,26,1.263813651052296
CLUPEIFORMES,ATP8,27,0.6297396275682039
CLUPEIFORMES,ATP8,28,1.697219175210162
CLUPEIFORMES,ATP8,29,1.412437264787806
CLUPEIFORMES,ATP8,30,0.697485124425
CLUPEIFORMES,ATP8,31,5735.461916096356
CLUPEIFORMES,ATP8,32,1.399274526453314
CLUPEIFORMES,ATP8,33,2.349894358640157
CLUPEIFORMES,ATP8,34,1.987578148322071
CLUPEIFORMES,ATP8,35,2016.39189607107
CLUPEIFORMES,ATP8,36,1.048193244539936
CLUPEIFORMES,ATP8,37,1.039314388724569
CLUPEIFORMES,ATP8,38,4.900393613427127
CLUPEIFORMES,ATP8,39,1.65317990943275
CLUPEIFORMES,ATP8,40,1.345875756344785
CLUPEIFORMES,ATP8,41,2.555439471210581
CLUPEIFORMES,ATP8,42,0.5585582967367927
CLUPEIFORMES,ATP8,43,1.448584561634916
CLUPEIFORMES,ATP8,44,1.620680692613265
CLUPEIFORMES,ATP8,45,0.7517319872889258
CLUPEIFORMES,ATP8,46,9999.9966031702
CLUPEIFORMES,ATP8,47,0.9730797616801541
CLUPEIFORMES,ATP8,48,9999.99999999834
CLUPEIFORMES,ATP8,49,0.5352595669482143
CLUPEIFORMES,ATP8,50,0
CLUPEIFORMES,ATP8,51,0
CLUPEIFORMES,ATP8,52,0
CLUPEIFORMES,ATP8,53,0.07573634077283191
CLUPEIFORMES,ATP8,54,0.4301525882299238
CLUPEIFORMES,ATP8,55,0.4033629213504316
CLUPEIFORMES,ATP8,56,0
PLEURONECTIFORMES,ATP8,1,0.08099416202734652
PLEURONECTIFORMES,ATP8,2,0.3681755436258957
PLEURONECTIFORMES,ATP8,3,1.998469198471954
PLEURONECTIFORMES,ATP8,4,1.234028273419644
PLEURONECTIFORMES,ATP8,5,1.249306538016171
PLEURONECTIFORMES,ATP8,6,0.772534850215795
PLEURONECTIFORMES,ATP8,7,0.2776062982880482
PLEURONECTIFORMES,ATP8,8,0.9735431820274774
PLEURONECTIFORMES,ATP8,9,1.998469196724954
PLEURONECTIFORMES,ATP8,10,0.2463243194238397
PLEURONECTIFORMES,ATP8,11,0.5184421621891382
PLEURONECTIFORMES,ATP8,12,0.9687586986641584
PLEURONECTIFORMES,ATP8,13,1.283690887186253
PLEURONECTIFORMES,ATP8,14,0.7524724454400487
PLEURONECTIFORMES,ATP8,15,1.118927491535556
PLEURONECTIFORMES,ATP8,16,0.5262453179072765
PLEURONECTIFORMES,ATP8,17,0
PLEURONECTIFORMES,ATP8,18,0.8850001386774559
PLEURONECTIFORMES,ATP8,19,2.342238910044727
PLEURONECTIFORMES,ATP8,20,7.225498158886224
PLEURONECTIFORMES,ATP8,21,0.603826201268504
PLEURONECTIFORMES,ATP8,22,0.5999701039175069
PLEURONECTIFORMES,ATP8,23,4.120998498993148
PLEURONECTIFORMES,ATP8,24,0.3562918168412823
PLEURONECTIFORMES,ATP8,25,0.1631695786567193
PLEURONECTIFORMES,ATP8,26,8.311479558781713
PLEURONECTIFORMES,ATP8,27,0
PLEURONECTIFORMES,ATP8,28,0.5914775982079199
PLEURONECTIFORMES,ATP8,29,0.9982445476185451
PLEURONECTIFORMES,ATP8,30,1.664331767198808
PLEURONECTIFORMES,ATP8,31,25.44148622544075
PLEURONECTIFORMES,ATP8,32,3.050521054700562
PLEURONECTIFORMES,ATP8,33,20.80455900166733
PLEURONECTIFORMES,ATP8,34,3.499012359900808
PLEURONECTIFORMES,ATP8,35,0.6873697035095323
PLEURONECTIFORMES,ATP8,36,7.173496610870849
PLEURONECTIFORMES,ATP8,37,8.974836973880736
PLEURONECTIFORMES,ATP8,38,0.3453383390096886
PLEURONECTIFORMES,ATP8,39,1.139709795119713
PLEURONECTIFORMES,ATP8,40,2.998671134608597
PLEURONECTIFORMES,ATP8,41,0.3741763674227862
PLEURONECTIFORMES,ATP8,42,0.3448416230422933
PLEURONECTIFORMES,ATP8,43,0.3833688031234505
PLEURONECTIFORMES,ATP8,44,10.1644376949291
PLEURONECTIFORMES,ATP8,45,0.460082128203924
PLEURONECTIFORMES,ATP8,46,1.496601992171185
PLEURONECTIFORMES,ATP8,47,0.9886071825681254
PLEURONECTIFORMES,ATP8,48,9.121233392430645
PLEURONECTIFORMES,ATP8,49,0.1626268820953604
PLEURONECTIFORMES,ATP8,50,0
PLEURONECTIFORMES,ATP8,51,0.3244339603201652
PLEURONECTIFORMES,ATP8,52,0
PLEURONECTIFORMES,ATP8,53,0
PLEURONECTIFORMES,ATP8,54,1.502346867491354
PLEURONECTIFORMES,ATP8,55,1.322326432527191
PLEURONECTIFORMES,ATP8,56,0
CARNIVORES,ATP8,1,0
CARNIVORES,ATP8,2,0
CARNIVORES,ATP8,3,1.354349533821592
CARNIVORES,ATP8,4,0.1839236699038836
CARNIVORES,ATP8,5,18.43092748305505
CARNIVORES,ATP8,6,0.5604760406089205
CARNIVORES,ATP8,7,1.927450613096172
CARNIVORES,ATP8,8,2.500910521530903
CARNIVORES,ATP8,9,23.11605236483319
CARNIVORES,ATP8,10,1.421831361199076
CARNIVORES,ATP8,11,1.29321654393576
CARNIVORES,ATP8,12,0.9897201259793361
CARNIVORES,ATP8,13,7.155170763161561
CARNIVORES,ATP8,14,0.2342488994946527
CARNIVORES,ATP8,15,1.83621540456288
CARNIVORES,ATP8,16,1.827939536226712
CARNIVORES,ATP8,17,1.296632689357159
CARNIVORES,ATP8,18,0.4384748683006813
CARNIVORES,ATP8,19,12.88715761940217
CARNIVORES,ATP8,20,0.9511653518174308
CARNIVORES,ATP8,21,4.150748206121883
CARNIVORES,ATP8,22,2.251455754124201
CARNIVORES,ATP8,23,4.338283172961188
CARNIVORES,ATP8,24,9.311824437939991
CARNIVORES,ATP8,25,0
CARNIVORES,ATP8,26,1.020436579731042
CARNIVORES,ATP8,27,0
CARNIVORES,ATP8,28,0.990039781981817
CARNIVORES,ATP8,29,5.889225358158725
CARNIVORES,ATP8,30,0
CARNIVORES,ATP8,31,1.789869234478765
CARNIVORES,ATP8,32,0
CARNIVORES,ATP8,33,3.488792759359182
CARNIVORES,ATP8,34,1.683445801434175
CARNIVORES,ATP8,35,1.485241429962796
CARNIVORES,ATP8,36,0.5515371634620984
CARNIVORES,ATP8,37,0.8036195556261932
CARNIVORES,ATP8,38,0.5084691546229086
CARNIVORES,ATP8,39,1.872560492730605
CARNIVORES,ATP8,40,3.418808311323628
CARNIVORES,ATP8,41,1.294104862278637
CARNIVORES,ATP8,42,2.255067351314285
CARNIVORES,ATP8,43,2.20447287476558
CARNIVORES,ATP8,44,0
CARNIVORES,ATP8,45,1.819146154996373
CARNIVORES,ATP8,46,9999.99999999834
CARNIVORES,ATP8,47,1.720924293097366
CARNIVORES,ATP8,48,0.6988918154529496
CARNIVORES,ATP8,49,10.67909137440052
CARNIVORES,ATP8,50,0.9892998788728469
CARNIVORES,ATP8,51,0
CARNIVORES,ATP8,52,0
CARNIVORES,ATP8,53,3.916691846821151
CARNIVORES,ATP8,54,0
CARNIVORES,ATP8,55,0
CARNIVORES,ATP8,56,0
CARNIVORES,ATP8,57,0
CARNIVORES,ATP8,58,0.5448174850982015
CARNIVORES,ATP8,59,0
CARNIVORES,ATP8,60,0.3955700690426688
CARNIVORES,ATP8,61,0
CARNIVORES,ATP8,62,0
CARNIVORES,ATP8,63,0.8479540426521568
CARNIVORES,ATP8,64,0.8438891997535057
CARNIVORES,ATP8,65,0
CARNIVORES,ATP8,66,0.004131079818640676
CARNIVORES,ATP8,67,0
CARNIVORES,ATP8,68,0
BERYCIFORMES,ATP8,1,0
BERYCIFORMES,ATP8,2,0.6180390441594233
BERYCIFORMES,ATP8,3,0.9162670956757538
BERYCIFORMES,ATP8,4,0.3415060702678545
BERYCIFORMES,ATP8,5,10.06973631652604
BERYCIFORMES,ATP8,6,0.8753578133183547
BERYCIFORMES,ATP8,7,0.3031764041269694
BERYCIFORMES,ATP8,8,2.534361138768827
BERYCIFORMES,ATP8,9,2.203604296033965
BERYCIFORMES,ATP8,10,0.9097126057889166
BERYCIFORMES,ATP8,11,2.939540865610294
BERYCIFORMES,ATP8,12,0.4850867778635856
BERYCIFORMES,ATP8,13,0.749486370674098
BERYCIFORMES,ATP8,14,2.045953503591734
BERYCIFORMES,ATP8,15,3.86955768408325
BERYCIFORMES,ATP8,16,1.396537502107329
BERYCIFORMES,ATP8,17,0.916266961749959
BERYCIFORMES,ATP8,18,0.7714389989725734
BERYCIFORMES,ATP8,19,0.8827995302438278
BERYCIFORMES,ATP8,20,0.5681230913768808
BERYCIFORMES,ATP8,21,1.253356427854322
BERYCIFORMES,ATP8,22,1.024931935869113
BERYCIFORMES,ATP8,23,10.82099560774728
BERYCIFORMES,ATP8,24,2.686364676018475
BERYCIFORMES,ATP8,25,0.2565385748889076
BERYCIFORMES,ATP8,26,0.8496010199707245
BERYCIFORMES,ATP8,27,5.480384106539213
BERYCIFORMES,ATP8,28,3.933586917377027
BERYCIFORMES,ATP8,29,1.398296392260738
BERYCIFORMES,ATP8,30,0.3422460494769879
BERYCIFORMES,ATP8,31,0.9255239150203343
BERYCIFORMES,ATP8,32,1.013462975666939
BERYCIFORMES,ATP8,33,3.75109151366742
BERYCIFORMES,ATP8,34,2.473140989800267
BERYCIFORMES,ATP8,35,0.9560313142973293
BERYCIFORMES,ATP8,36,690.5104218472433
BERYCIFORMES,ATP8,37,1.514067904233023
BERYCIFORMES,ATP8,38,0.6620694125912546
BERYCIFORMES,ATP8,39,1.098185492261084
BERYCIFORMES,ATP8,40,0
BERYCIFORMES,ATP8,41,2.507671501683197
BERYCIFORMES,ATP8,42,0.6401184024458066
BERYCIFORMES,ATP8,43,0
BERYCIFORMES,ATP8,44,1.028179165240627
BERYCIFORMES,ATP8,45,0.6344262226593712
BERYCIFORMES,ATP8,46,12.90848982983164
BERYCIFORMES,ATP8,47,1.730685158358665
BERYCIFORMES,ATP8,48,4.797633661267206
BERYCIFORMES,ATP8,49,0.6579349149280095
BERYCIFORMES,ATP8,50,0
BERYCIFORMES,ATP8,51,0.4895441712884555
BERYCIFORMES,ATP8,52,0
BERYCIFORMES,ATP8,53,0
BERYCIFORMES,ATP8,54,0
BERYCIFORMES,ATP8,55,0.6866862140526576
BERYCIFORMES,ATP8,56,0
OPHIDIIFORMES,ATP8,1,0
OPHIDIIFORMES,ATP8,2,4.523312946261462
OPHIDIIFORMES,ATP8,3,9999.99999999834
OPHIDIIFORMES,ATP8,4,0.6946132701955144
OPHIDIIFORMES,ATP8,5,3.106676587106413
OPHIDIIFORMES,ATP8,6,0.06310123714907903
OPHIDIIFORMES,ATP8,7,0.068358267169163
OPHIDIIFORMES,ATP8,8,5.769684545374954
OPHIDIIFORMES,ATP8,9,0.1394004489028433
OPHIDIIFORMES,ATP8,10,4.801367040846779
OPHIDIIFORMES,ATP8,11,0.9441068121504743
OPHIDIIFORMES,ATP8,12,0.7236574587943829
OPHIDIIFORMES,ATP8,13,25.21587348242685
OPHIDIIFORMES,ATP8,14,0.2450538553689031
OPHIDIIFORMES,ATP8,15,0.8387710252684191
OPHIDIIFORMES,ATP8,16,1.386313469035255
OPHIDIIFORMES,ATP8,17,0
OPHIDIIFORMES,ATP8,18,1.55393897771608
OPHIDIIFORMES,ATP8,19,9999.999972092854
OPHIDIIFORMES,ATP8,20,9999.99999999834
OPHIDIIFORMES,ATP8,21,12.46939074074954
OPHIDIIFORMES,ATP8,22,14.42966168272932
OPHIDIIFORMES,ATP8,23,0.798393506863261
OPHIDIIFORMES,ATP8,24,0.3302273651127909
OPHIDIIFORMES,ATP8,25,0.123284707973611
OPHIDIIFORMES,ATP8,26,0.9730715348030974
OPHIDIIFORMES,ATP8,27,0
OPHIDIIFORMES,ATP8,28,1.444325139990621
OPHIDIIFORMES,ATP8,29,1.620460901975487
OPHIDIIFORMES,ATP8,30,0.1945577728011065
OPHIDIIFORMES,ATP8,31,0.2996502867065803
OPHIDIIFORMES,ATP8,32,0.6041861700212212
OPHIDIIFORMES,ATP8,33,0.1606163475263344
OPHIDIIFORMES,ATP8,34,1.278809828033995
OPHIDIIFORMES,ATP8,35,0.3264642954916405
OPHIDIIFORMES,ATP8,36,0.1635373788864445
OPHIDIIFORMES,ATP8,37,17.28235933162243
OPHIDIIFORMES,ATP8,38,185.6061435686069
OPHIDIIFORMES,ATP8,39,4.570291583123487
OPHIDIIFORMES,ATP8,40,0.7763832058416072
OPHIDIIFORMES,ATP8,41,3.011658698013251
OPHIDIIFORMES,ATP8,42,2.566060809934638
OPHIDIIFORMES,ATP8,43,0.1300333339357882
OPHIDIIFORMES,ATP8,44,0.2412264965422176
OPHIDIIFORMES,ATP8,45,1.615533976421074
OPHIDIIFORMES,ATP8,46,0.01625138916136198
OPHIDIIFORMES,ATP8,47,0.1824791863504085
OPHIDIIFORMES,ATP8,48,0.6604241321525947
OPHIDIIFORMES,ATP8,49,0.1886360494997537
OPHIDIIFORMES,ATP8,50,0.3297700382499733
OPHIDIIFORMES,ATP8,51,9999.99999999834
OPHIDIIFORMES,ATP8,52,0.2484017561337497
OPHIDIIFORMES,ATP8,53,0
OPHIDIIFORMES,ATP8,54,0.05382780752003054
OPHIDIIFORMES,ATP8,55,10.63251078857272
OPHIDIIFORMES,ATP8,56,0
SYNGNATHIFORMES,ATP8,1,0
SYNGNATHIFORMES,ATP8,2,1.163924586247428
SYNGNATHIFORMES,ATP8,3,2.158808528254007
SYNGNATHIFORMES,ATP8,4,1.747434577839693
SYNGNATHIFORMES,ATP8,5,0.2770477492694625
SYNGNATHIFORMES,ATP8,6,0.4737076241270674
SYNGNATHIFORMES,ATP8,7,0.6334601644492502
SYNGNATHIFORMES,ATP8,8,0.6538461109226884
SYNGNATHIFORMES,ATP8,9,0.1356147750716598
SYNGNATHIFORMES,ATP8,10,0.3278585775129337
SYNGNATHIFORMES,ATP8,11,1.200230683707945
SYNGNATHIFORMES,ATP8,12,186.4220044705791
SYNGNATHIFORMES,ATP8,13,0.8098381319546993
SYNGNATHIFORMES,ATP8,14,1.912329099081981
SYNGNATHIFORMES,ATP8,15,9999.99999999834
SYNGNATHIFORMES,ATP8,16,0.4518174995722074
SYNGNATHIFORMES,ATP8,17,0.4847178537195375
SYNGNATHIFORMES,ATP8,18,9.215917117195874
SYNGNATHIFORMES,ATP8,19,0.7105986890178878
SYNGNATHIFORMES,ATP8,20,1.062354080091656
SYNGNATHIFORMES,ATP8,21,2.189208832582779
SYNGNATHIFORMES,ATP8,22,0.8015302478701039
SYNGNATHIFORMES,ATP8,23,1.757260783289098
SYNGNATHIFORMES,ATP8,24,0.4488687580796714
SYNGNATHIFORMES,ATP8,25,1.26522906289433
SYNGNATHIFORMES,ATP8,26,1.52250207362372
SYNGNATHIFORMES,ATP8,27,2.951786614757528
SYNGNATHIFORMES,ATP8,28,1.316547324706261
SYNGNATHIFORMES,ATP8,29,1.278274727401506
SYNGNATHIFORMES,ATP8,30,2.175260972136176
SYNGNATHIFORMES,ATP8,31,2.805478591250181
SYNGNATHIFORMES,ATP8,32,9999.99999999834
SYNGNATHIFORMES,ATP8,33,1.359101898434879
SYNGNATHIFORMES,ATP8,34,5.905826256371148
SYNGNATHIFORMES,ATP8,35,0.2745088376948742
SYNGNATHIFORMES,ATP8,36,0.9713483957710035
SYNGNATHIFORMES,ATP8,37,3.60729275008807
SYNGNATHIFORMES,ATP8,38,1.301031630821153
SYNGNATHIFORMES,ATP8,39,0.561164419778991
SYNGNATHIFORMES,ATP8,40,0.6063056499644264
SYNGNATHIFORMES,ATP8,41,1.893124892473964
SYNGNATHIFORMES,ATP8,42,1.865710536895032
SYNGNATHIFORMES,ATP8,43,0
SYNGNATHIFORMES,ATP8,44,27.05563242753899
SYNGNATHIFORMES,ATP8,45,0.3887762968921416
SYNGNATHIFORMES,ATP8,46,0
SYNGNATHIFORMES,ATP8,47,1.026059589354553
SYNGNATHIFORMES,ATP8,48,9999.99999999834
SYNGNATHIFORMES,ATP8,49,0.3622858737591669
SYNGNATHIFORMES,ATP8,50,0
SYNGNATHIFORMES,ATP8,51,0
SYNGNATHIFORMES,ATP8,52,9999.999093830818
SYNGNATHIFORMES,ATP8,53,0
SYNGNATHIFORMES,ATP8,54,2.158825130387848
SYNGNATHIFORMES,ATP8,55,0.4284944444604684
SYNGNATHIFORMES,ATP8,56,0
SYNGNATHIFORMES,ATP8,57,0
LAGOMORPHA,ATP8,1,0
LAGOMORPHA,ATP8,2,0
LAGOMORPHA,ATP8,3,0
LAGOMORPHA,ATP8,4,1.295300294818403
LAGOMORPHA,ATP8,5,1.767540152922058
LAGOMORPHA,ATP8,6,1.949301729881778
LAGOMORPHA,ATP8,7,0.6487591186921995
LAGOMORPHA,ATP8,8,0
LAGOMORPHA,ATP8,9,0
LAGOMORPHA,ATP8,10,0.6949947746666424
LAGOMORPHA,ATP8,11,5.101854165482455
LAGOMORPHA,ATP8,12,2.097339261543544
LAGOMORPHA,ATP8,13,827.9253398658115
LAGOMORPHA,ATP8,14,2.895120003774591
LAGOMORPHA,ATP8,15,5.833667578590991
LAGOMORPHA,ATP8,16,0
LAGOMORPHA,ATP8,17,2.305385552802742
LAGOMORPHA,ATP8,18,0.5302643150854631
LAGOMORPHA,ATP8,19,0
LAGOMORPHA,ATP8,20,0.5296700044507628
LAGOMORPHA,ATP8,21,1.062117095519224
LAGOMORPHA,ATP8,22,0
LAGOMORPHA,ATP8,23,1.565883692089972
LAGOMORPHA,ATP8,24,9999.99999999834
LAGOMORPHA,ATP8,25,0
LAGOMORPHA,ATP8,26,0.6878392493041293
LAGOMORPHA,ATP8,27,0
LAGOMORPHA,ATP8,28,1.630362516894151
LAGOMORPHA,ATP8,29,4.612182221225501
LAGOMORPHA,ATP8,30,0
LAGOMORPHA,ATP8,31,1154.929107314982
LAGOMORPHA,ATP8,32,2.932680463164349
LAGOMORPHA,ATP8,33,1.601834579295827
LAGOMORPHA,ATP8,34,3.366396657120718
LAGOMORPHA,ATP8,35,6.457864206977217
LAGOMORPHA,ATP8,36,2.055635173382113
LAGOMORPHA,ATP8,37,0.7428022753615066
LAGOMORPHA,ATP8,38,4.760104250716124
LAGOMORPHA,ATP8,39,0.8025166371476528
LAGOMORPHA,ATP8,40,0
LAGOMORPHA,ATP8,41,2.266159950223079
LAGOMORPHA,ATP8,42,0
LAGOMORPHA,ATP8,43,9999.99999999834
LAGOMORPHA,ATP8,44,0
LAGOMORPHA,ATP8,45,4.856341674658724
LAGOMORPHA,ATP8,46,2.007401191957969
LAGOMORPHA,ATP8,47,9999.99999999834
LAGOMORPHA,ATP8,48,1.053131346371412
LAGOMORPHA,ATP8,49,0.3462342767898503
LAGOMORPHA,ATP8,50,2.091450119171559
LAGOMORPHA,ATP8,51,0
LAGOMORPHA,ATP8,52,246.9370965935074
LAGOMORPHA,ATP8,53,0.8946175534802185
LAGOMORPHA,ATP8,54,0
LAGOMORPHA,ATP8,55,0
LAGOMORPHA,ATP8,56,0
LAGOMORPHA,ATP8,57,0
LAGOMORPHA,ATP8,58,1.565957494393467
LAGOMORPHA,ATP8,59,0
LAGOMORPHA,ATP8,60,0
LAGOMORPHA,ATP8,61,0
LAGOMORPHA,ATP8,62,0
LAGOMORPHA,ATP8,63,0.790488145581561
LAGOMORPHA,ATP8,64,1.042255149866593
LAGOMORPHA,ATP8,65,0
LAGOMORPHA,ATP8,66,0
LAGOMORPHA,ATP8,67,0
LAGOMORPHA,ATP8,68,0
LAGOMORPHA,ATP8,69,0
LAGOMORPHA,ATP8,70,0
INSECTIVORA,ATP8,1,0
INSECTIVORA,ATP8,2,0.2665470489840159
INSECTIVORA,ATP8,3,0
INSECTIVORA,ATP8,4,0.7851354121630711
INSECTIVORA,ATP8,5,0.5501311180151403
INSECTIVORA,ATP8,6,0.5871186317970872
INSECTIVORA,ATP8,7,13.07608257589992
INSECTIVORA,ATP8,8,0.2880404619736359
INSECTIVORA,ATP8,9,0
INSECTIVORA,ATP8,10,0
INSECTIVORA,ATP8,11,2.904033466920161
INSECTIVORA,ATP8,12,2.69878918233913
INSECTIVORA,ATP8,13,48.75949655751711
INSECTIVORA,ATP8,14,1.005552161448263
INSECTIVORA,ATP8,15,0.9510493304097581
INSECTIVORA,ATP8,16,9999.99999999834
INSECTIVORA,ATP8,17,22.28436549014753
INSECTIVORA,ATP8,18,0
INSECTIVORA,ATP8,19,7.060361111162416
INSECTIVORA,ATP8,20,1.083989360138564
INSECTIVORA,ATP8,21,0.7688674395274507
INSECTIVORA,ATP8,22,2.078592229081762
INSECTIVORA,ATP8,23,7.253286776918426
INSECTIVORA,ATP8,24,9999.99999999834
INSECTIVORA,ATP8,25,2.911942836736501
INSECTIVORA,ATP8,26,0.6260250999810908
INSECTIVORA,ATP8,27,0
INSECTIVORA,ATP8,28,9999.99999999834
INSECTIVORA,ATP8,29,8.480702050136674
INSECTIVORA,ATP8,30,0.4288538292014603
INSECTIVORA,ATP8,31,3.085852394677727
INSECTIVORA,ATP8,32,4.590156649659873
INSECTIVORA,ATP8,33,1.87569779600963
INSECTIVORA,ATP8,34,6.675242266890121
INSECTIVORA,ATP8,35,7.031248179537781
INSECTIVORA,ATP8,36,1.54671646482669
INSECTIVORA,ATP8,37,0
INSECTIVORA,ATP8,38,117.1926122428247
INSECTIVORA,ATP8,39,1.94137074873093
INSECTIVORA,ATP8,40,0
INSECTIVORA,ATP8,41,3.218957930639338
INSECTIVORA,ATP8,42,9999.99999999834
INSECTIVORA,ATP8,43,0.3985757528185095
INSECTIVORA,ATP8,44,2.906647370196133
INSECTIVORA,ATP8,45,13.10684667261662
INSECTIVORA,ATP8,46,15.65119073664146
INSECTIVORA,ATP8,47,0.5783054321180365
INSECTIVORA,ATP8,48,3.179564787374101
INSECTIVORA,ATP8,49,0.9924626099338932
INSECTIVORA,ATP8,50,0.1797140322058255
INSECTIVORA,ATP8,51,0
INSECTIVORA,ATP8,52,602.900323377496
INSECTIVORA,ATP8,53,1.991446885126261
INSECTIVORA,ATP8,54,0
INSECTIVORA,ATP8,55,0
INSECTIVORA,ATP8,56,0
INSECTIVORA,ATP8,57,0
INSECTIVORA,ATP8,58,2397.699776133063
INSECTIVORA,ATP8,59,0
INSECTIVORA,ATP8,60,0.7495695228613649
INSECTIVORA,ATP8,61,0.169936067017168
INSECTIVORA,ATP8,62,0
INSECTIVORA,ATP8,63,0.2628379272789675
INSECTIVORA,ATP8,64,1.015182245048878
INSECTIVORA,ATP8,65,0
INSECTIVORA,ATP8,66,0
INSECTIVORA,ATP8,67,3.991938494446387
INSECTIVORA,ATP8,68,0
INSECTIVORA,ATP8,69,0
INSECTIVORA,ATP8,70,0
CHIMAERIFORMS,ATP8,1,0
CHIMAERIFORMS,ATP8,2,0
CHIMAERIFORMS,ATP8,3,0
CHIMAERIFORMS,ATP8,4,4.395099692369573
CHIMAERIFORMS,ATP8,5,0.5610673828701862
CHIMAERIFORMS,ATP8,6,2.247601157778701
CHIMAERIFORMS,ATP8,7,0.6157875653404584
CHIMAERIFORMS,ATP8,8,0.920494065152538
CHIMAERIFORMS,ATP8,9,0
CHIMAERIFORMS,ATP8,10,1.005199021221876
CHIMAERIFORMS,ATP8,11,0.6440448178597971
CHIMAERIFORMS,ATP8,12,0.6159351680067161
CHIMAERIFORMS,ATP8,13,1.77217711481546
CHIMAERIFORMS,ATP8,14,0.6655626853918079
CHIMAERIFORMS,ATP8,15,0
CHIMAERIFORMS,ATP8,16,0
CHIMAERIFORMS,ATP8,17,0
CHIMAERIFORMS,ATP8,18,0
CHIMAERIFORMS,ATP8,19,3.697546373657888
CHIMAERIFORMS,ATP8,20,0
CHIMAERIFORMS,ATP8,21,1.478917861059541
CHIMAERIFORMS,ATP8,22,3.657830933081738
CHIMAERIFORMS,ATP8,23,2.041721569488592
CHIMAERIFORMS,ATP8,24,1.574576584375776
CHIMAERIFORMS,ATP8,25,1.655905476420304
CHIMAERIFORMS,ATP8,26,0
CHIMAERIFORMS,ATP8,27,1.362425998271406
CHIMAERIFORMS,ATP8,28,0
CHIMAERIFORMS,ATP8,29,0
CHIMAERIFORMS,ATP8,30,0
CHIMAERIFORMS,ATP8,31,3.356501292727095
CHIMAERIFORMS,ATP8,32,0.4807815911476753
CHIMAERIFORMS,ATP8,33,1.508271022350126
CHIMAERIFORMS,ATP8,34,1.662197941031666
CHIMAERIFORMS,ATP8,35,0.5610673828701862
CHIMAERIFORMS,ATP8,36,0
CHIMAERIFORMS,ATP8,37,0.9385039959638248
CHIMAERIFORMS,ATP8,38,0.3806301065658936
CHIMAERIFORMS,ATP8,39,4.528552355643526
CHIMAERIFORMS,ATP8,40,1.56475351035811
CHIMAERIFORMS,ATP8,41,0
CHIMAERIFORMS,ATP8,42,18.95584511217028
CHIMAERIFORMS,ATP8,43,0
CHIMAERIFORMS,ATP8,44,2.842460616984304
CHIMAERIFORMS,ATP8,45,1.005796925053236
CHIMAERIFORMS,ATP8,46,3.506273087057921
CHIMAERIFORMS,ATP8,47,1.441261188507186
CHIMAERIFORMS,ATP8,48,3.440565101753735
CHIMAERIFORMS,ATP8,49,0.5114199612674303
CHIMAERIFORMS,ATP8,50,0
CHIMAERIFORMS,ATP8,51,1.341402899567417
CHIMAERIFORMS,ATP8,52,0
CHIMAERIFORMS,ATP8,53,0
CHIMAERIFORMS,ATP8,54,0
CHIMAERIFORMS,ATP8,55,1.340738604626327
CHIMAERIFORMS,ATP8,56,0
OSMERIFORMES,ATP8,1,0
OSMERIFORMES,ATP8,2,0.3313075718791294
OSMERIFORMES,ATP8,3,2.587543215347675
OSMERIFORMES,ATP8,4,0.8157688879381523
OSMERIFORMES,ATP8,5,1.153842983502308
OSMERIFORMES,ATP8,6,0.826545716641696
OSMERIFORMES,ATP8,7,0.4506704492088449
OSMERIFORMES,ATP8,8,3.606147994129083
OSMERIFORMES,ATP8,9,0.5295628731522117
OSMERIFORMES,ATP8,10,0.532589114530101
OSMERIFORMES,ATP8,11,0.50389683483397
OSMERIFORMES,ATP8,12,3.442868831034631
OSMERIFORMES,ATP8,13,0.6238006081440759
OSMERIFORMES,ATP8,14,0.6585109188093768
OSMERIFORMES,ATP8,15,0.1753923503067281
OSMERIFORMES,ATP8,16,0.9254749909502077
OSMERIFORMES,ATP8,17,0.3048562677641518
OSMERIFORMES,ATP8,18,2.100342830139406
OSMERIFORMES,ATP8,19,2.549694550373531
OSMERIFORMES,ATP8,20,1.031349802723162
OSMERIFORMES,ATP8,21,1.673794599497215
OSMERIFORMES,ATP8,22,1.059320246937099
OSMERIFORMES,ATP8,23,1.378207714152581
OSMERIFORMES,ATP8,24,1.419328491124768
OSMERIFORMES,ATP8,25,1.990523610320918
OSMERIFORMES,ATP8,26,3.028414927536087
OSMERIFORMES,ATP8,27,0
OSMERIFORMES,ATP8,28,0.9080707985962061
OSMERIFORMES,ATP8,29,1.110394016173729
OSMERIFORMES,ATP8,30,1.696322123616964
OSMERIFORMES,ATP8,31,2.200524723240994
OSMERIFORMES,ATP8,32,0.7488969501228616
OSMERIFORMES,ATP8,33,72.32034941845514
OSMERIFORMES,ATP8,34,0.3808933065828595
OSMERIFORMES,ATP8,35,4.061920691244909
OSMERIFORMES,ATP8,36,9.841013183558644
OSMERIFORMES,ATP8,37,1.656476556318312
OSMERIFORMES,ATP8,38,1.209409978528366
OSMERIFORMES,ATP8,39,1.030717196969081
OSMERIFORMES,ATP8,40,0.6290709449335655
OSMERIFORMES,ATP8,41,0.7234313514452309
OSMERIFORMES,ATP8,42,0.6883215213319142
OSMERIFORMES,ATP8,43,0.2942085666030723
OSMERIFORMES,ATP8,44,97.07515874108185
OSMERIFORMES,ATP8,45,0.800817623687991
OSMERIFORMES,ATP8,46,2.414856593858493
OSMERIFORMES,ATP8,47,1.650174340577498
OSMERIFORMES,ATP8,48,0.6763582787175881
OSMERIFORMES,ATP8,49,0.5409667718867034
OSMERIFORMES,ATP8,50,0
OSMERIFORMES,ATP8,51,0.4745914352071391
OSMERIFORMES,ATP8,52,0
OSMERIFORMES,ATP8,53,0
OSMERIFORMES,ATP8,54,0
OSMERIFORMES,ATP8,55,0.4256119456077835
OSMERIFORMES,ATP8,56,0
OSMERIFORMES,ATP8,57,0
PRIMATES,ATP8,1,0
PRIMATES,ATP8,2,0.8188291407905891
PRIMATES,ATP8,3,7.980443658273963
PRIMATES,ATP8,4,1.662585892777467
PRIMATES,ATP8,5,1.579104576752323
PRIMATES,ATP8,6,1.242513429967622
PRIMATES,ATP8,7,0.7377116135258598
PRIMATES,ATP8,8,0.3088360254386889
PRIMATES,ATP8,9,1.197414129374043
PRIMATES,ATP8,10,1.0540596621333
PRIMATES,ATP8,11,1.648298506297725
PRIMATES,ATP8,12,1.97633020276245
PRIMATES,ATP8,13,2.772730606270885
PRIMATES,ATP8,14,3.749460426213961
PRIMATES,ATP8,15,13.01301865375852
PRIMATES,ATP8,16,0.6722182236490316
PRIMATES,ATP8,17,1.426591115659817
PRIMATES,ATP8,18,2.662145075807163
PRIMATES,ATP8,19,0.9864797574909454
PRIMATES,ATP8,20,0.5655992950764439
PRIMATES,ATP8,21,3.975615716599877
PRIMATES,ATP8,22,0.4566359426663423
PRIMATES,ATP8,23,5.355979431138607
PRIMATES,ATP8,24,2.569068467513147
PRIMATES,ATP8,25,8.596200101142855
PRIMATES,ATP8,26,1.34609613124762
PRIMATES,ATP8,27,0
PRIMATES,ATP8,28,9999.99999999834
PRIMATES,ATP8,29,0.6601597634825932
PRIMATES,ATP8,30,9999.99999999834
PRIMATES,ATP8,31,1.310412114490735
PRIMATES,ATP8,32,3.793350176076147
PRIMATES,ATP8,33,0.796826968785303
PRIMATES,ATP8,34,0.8864885246927494
PRIMATES,ATP8,35,0.8967080936329455
PRIMATES,ATP8,36,1.507459885212022
PRIMATES,ATP8,37,1.144120583765556
PRIMATES,ATP8,38,3.10687942047741
PRIMATES,ATP8,39,0
PRIMATES,ATP8,40,13.4079218299446
PRIMATES,ATP8,41,2.052236402221277
PRIMATES,ATP8,42,5.330048368597931
PRIMATES,ATP8,43,0.4492500827424693
PRIMATES,ATP8,44,0.5675433558728422
PRIMATES,ATP8,45,0
PRIMATES,ATP8,46,1.663179974029479
PRIMATES,ATP8,47,12.50146665220537
PRIMATES,ATP8,48,5.299308654242372
PRIMATES,ATP8,49,0
PRIMATES,ATP8,50,0.4953680783091931
PRIMATES,ATP8,51,2.922036369917066
PRIMATES,ATP8,52,2.453124850912456
PRIMATES,ATP8,53,0.01931781076122388
PRIMATES,ATP8,54,0
PRIMATES,ATP8,55,0.8679182811488261
PRIMATES,ATP8,56,0.2427983651594632
PRIMATES,ATP8,57,7.463669773319531
PRIMATES,ATP8,58,0.927044654907958
PRIMATES,ATP8,59,0
PRIMATES,ATP8,60,0.2425270087492322
PRIMATES,ATP8,61,0.3071723981918424
PRIMATES,ATP8,62,0
PRIMATES,ATP8,63,1.348858479924989
PRIMATES,ATP8,64,1.735818828094567
PRIMATES,ATP8,65,0
PRIMATES,ATP8,66,0
PRIMATES,ATP8,67,1.308881969245872
PRIMATES,ATP8,68,0.4038918291183983
PRIMATES,ATP8,69,0
PRIMATES,ATP8,70,0
DASYUROMORPHIA,ATP8,1,0
DASYUROMORPHIA,ATP8,2,102.3406390026439
DASYUROMORPHIA,ATP8,3,1.186863871893079
DASYUROMORPHIA,ATP8,4,21.57210379438458
DASYUROMORPHIA,ATP8,5,0
DASYUROMORPHIA,ATP8,6,1.810030415376837
DASYUROMORPHIA,ATP8,7,15.05067889444152
DASYUROMORPHIA,ATP8,8,1.036735945968771
DASYUROMORPHIA,ATP8,9,0
DASYUROMORPHIA,ATP8,10,3.198540566751106
DASYUROMORPHIA,ATP8,11,0
DASYUROMORPHIA,ATP8,12,5.300820217982427
DASYUROMORPHIA,ATP8,13,0.3795624021903977
DASYUROMORPHIA,ATP8,14,0.4189133994552003
DASYUROMORPHIA,ATP8,15,9999.99999999834
DASYUROMORPHIA,ATP8,16,3.154307742640152
DASYUROMORPHIA,ATP8,17,3.618097669021166
DASYUROMORPHIA,ATP8,18,1.751777311708047
DASYUROMORPHIA,ATP8,19,0
DASYUROMORPHIA,ATP8,20,4.682199693792428
DASYUROMORPHIA,ATP8,21,1.040169602566723
DASYUROMORPHIA,ATP8,22,1.040169602771432
DASYUROMORPHIA,ATP8,23,2.55250296796512
DASYUROMORPHIA,ATP8,24,99.54709437610686
DASYUROMORPHIA,ATP8,25,3.618110073432916
DASYUROMORPHIA,ATP8,26,2.076053385912958
DASYUROMORPHIA,ATP8,27,0
DASYUROMORPHIA,ATP8,28,1.080485616144255
DASYUROMORPHIA,ATP8,29,1.133652344616366
DASYUROMORPHIA,ATP8,30,1.441661240131257
DASYUROMORPHIA,ATP8,31,1.371188485319916
DASYUROMORPHIA,ATP8,32,0
DASYUROMORPHIA,ATP8,33,0
DASYUROMORPHIA,ATP8,34,344.4220890499216
DASYUROMORPHIA,ATP8,35,0.9812829902224263
DASYUROMORPHIA,ATP8,36,1.204139229898882
DASYUROMORPHIA,ATP8,37,4.388126971591481
DASYUROMORPHIA,ATP8,38,2.748075802348807
DASYUROMORPHIA,ATP8,39,0
DASYUROMORPHIA,ATP8,40,191.934822420786
DASYUROMORPHIA,ATP8,41,9999.99999999834
DASYUROMORPHIA,ATP8,42,9999.99999999834
DASYUROMORPHIA,ATP8,43,1.430240778159813
DASYUROMORPHIA,ATP8,44,2.274372025329181
DASYUROMORPHIA,ATP8,45,1.107593802747349
DASYUROMORPHIA,ATP8,46,85.94759744669561
DASYUROMORPHIA,ATP8,47,9999.99999999834
DASYUROMORPHIA,ATP8,48,0
DASYUROMORPHIA,ATP8,49,0.5016216074186503
DASYUROMORPHIA,ATP8,50,1371.875580870375
DASYUROMORPHIA,ATP8,51,1.555754036860567
DASYUROMORPHIA,ATP8,52,0
DASYUROMORPHIA,ATP8,53,6.058936169037128
DASYUROMORPHIA,ATP8,54,3.618110078516789
DASYUROMORPHIA,ATP8,55,0
DASYUROMORPHIA,ATP8,56,0
DASYUROMORPHIA,ATP8,57,0.2371689993925999
DASYUROMORPHIA,ATP8,58,0
DASYUROMORPHIA,ATP8,59,185.4191565695803
DASYUROMORPHIA,ATP8,60,0
DASYUROMORPHIA,ATP8,61,0.226133236313176
DASYUROMORPHIA,ATP8,62,0.4446129844717267
DASYUROMORPHIA,ATP8,63,0
DASYUROMORPHIA,ATP8,64,0
DASYUROMORPHIA,ATP8,65,0
DASYUROMORPHIA,ATP8,66,0
DASYUROMORPHIA,ATP8,67,0.3256789700397398
DASYUROMORPHIA,ATP8,68,0
DASYUROMORPHIA,ATP8,69,0
DASYUROMORPHIA,ATP8,70,0
DIPROTODONTIA,ATP8,1,0
DIPROTODONTIA,ATP8,2,0.7203269992783816
DIPROTODONTIA,ATP8,3,0
DIPROTODONTIA,ATP8,4,0.299428062641283
DIPROTODONTIA,ATP8,5,2.346730997894095
DIPROTODONTIA,ATP8,6,1.269284987116262
DIPROTODONTIA,ATP8,7,0.969072632159753
DIPROTODONTIA,ATP8,8,0
DIPROTODONTIA,ATP8,9,0
DIPROTODONTIA,ATP8,10,2.2771450221779
DIPROTODONTIA,ATP8,11,0.9641123992741962
DIPROTODONTIA,ATP8,12,0.9720425873344082
DIPROTODONTIA,ATP8,13,0.7826500369245893
DIPROTODONTIA,ATP8,14,0.8939319460535924
DIPROTODONTIA,ATP8,15,2.503345285547949
DIPROTODONTIA,ATP8,16,2.182472249816184
DIPROTODONTIA,ATP8,17,3.291641210335261
DIPROTODONTIA,ATP8,18,0.5504731122542521
DIPROTODONTIA,ATP8,19,1.021380502013098
DIPROTODONTIA,ATP8,20,1.022154328161221
DIPROTODONTIA,ATP8,21,5.291664339842782
DIPROTODONTIA,ATP8,22,0.8660103419342698
DIPROTODONTIA,ATP8,23,9999.99999999834
DIPROTODONTIA,ATP8,24,0.8532025071801466
DIPROTODONTIA,ATP8,25,0
DIPROTODONTIA,ATP8,26,0.603709337502251
DIPROTODONTIA,ATP8,27,0
DIPROTODONTIA,ATP8,28,5.842993122104288
DIPROTODONTIA,ATP8,29,65.26786251881957
DIPROTODONTIA,ATP8,30,97.3205926207841
DIPROTODONTIA,ATP8,31,12.8146637881103
DIPROTODONTIA,ATP8,32,1.345345385166757
DIPROTODONTIA,ATP8,33,0
DIPROTODONTIA,ATP8,34,1.432347130110317
DIPROTODONTIA,ATP8,35,1.441288087989451
DIPROTODONTIA,ATP8,36,4.616600094401998
DIPROTODONTIA,ATP8,37,9999.99999999834
DIPROTODONTIA,ATP8,38,1.579302511093309
DIPROTODONTIA,ATP8,39,0
DIPROTODONTIA,ATP8,40,10.08404930208176
DIPROTODONTIA,ATP8,41,0
DIPROTODONTIA,ATP8,42,9999.99999999834
DIPROTODONTIA,ATP8,43,9999.999844402777
DIPROTODONTIA,ATP8,44,1.755767154263195
DIPROTODONTIA,ATP8,45,0
DIPROTODONTIA,ATP8,46,0
DIPROTODONTIA,ATP8,47,0.8856860366642804
DIPROTODONTIA,ATP8,48,0.6071418413308572
DIPROTODONTIA,ATP8,49,0
DIPROTODONTIA,ATP8,50,1.196985635335641
DIPROTODONTIA,ATP8,51,0
DIPROTODONTIA,ATP8,52,2.133977672336383
DIPROTODONTIA,ATP8,53,0.6424590459231188
DIPROTODONTIA,ATP8,54,0
DIPROTODONTIA,ATP8,55,9999.99999999834
DIPROTODONTIA,ATP8,56,40.07241907883339
DIPROTODONTIA,ATP8,57,0
DIPROTODONTIA,ATP8,58,0
DIPROTODONTIA,ATP8,59,0.1628939475033526
DIPROTODONTIA,ATP8,60,0
DIPROTODONTIA,ATP8,61,3.83355245426004
DIPROTODONTIA,ATP8,62,0
DIPROTODONTIA,ATP8,63,0.107652494202352
DIPROTODONTIA,ATP8,64,0.5152345890659524
DIPROTODONTIA,ATP8,65,0
DIPROTODONTIA,ATP8,66,0.6942619068315344
DIPROTODONTIA,ATP8,67,0.5868843805741366
DIPROTODONTIA,ATP8,68,0
DIPROTODONTIA,ATP8,69,0.1436892762456008
DIPROTODONTIA,ATP8,70,0
DIPROTODONTIA,ATP8,71,1.03882729639219
DIPROTODONTIA,ATP8,72,0
PASSERIFORMES,ATP8,1,0
PASSERIFORMES,ATP8,2,0.6337221188642465
PASSERIFORMES,ATP8,3,0.5592275544522162
PASSERIFORMES,ATP8,4,0.2996254410963939
PASSERIFORMES,ATP8,5,0.3464407894176122
PASSERIFORMES,ATP8,6,0.6562997105686793
PASSERIFORMES,ATP8,7,6.824409627217705
PASSERIFORMES,ATP8,8,2.045276742537424
PASSERIFORMES,ATP8,9,0
PASSERIFORMES,ATP8,10,0.1316165753091564
PASSERIFORMES,ATP8,11,0.2904838546272864
PASSERIFORMES,ATP8,12,0.8036879561741651
PASSERIFORMES,ATP8,13,0.1331417291104905
PASSERIFORMES,ATP8,14,0.6968967316238741
PASSERIFORMES,ATP8,15,0.5346353518407928
PASSERIFORMES,ATP8,16,0.4045207477153997
PASSERIFORMES,ATP8,17,0.5842848603234602
PASSERIFORMES,ATP8,18,2.665791193660801
PASSERIFORMES,ATP8,19,1.66367861656531
PASSERIFORMES,ATP8,20,5.721183020870622
PASSERIFORMES,ATP8,21,0.3017758049464319
PASSERIFORMES,ATP8,22,1.04341960453966
PASSERIFORMES,ATP8,23,5.381594861521826
PASSERIFORMES,ATP8,24,14.32686779351537
PASSERIFORMES,ATP8,25,3.018132265411431
PASSERIFORMES,ATP8,26,0.9928290965801695
PASSERIFORMES,ATP8,27,13.93284084426565
PASSERIFORMES,ATP8,28,0.9290237754757892
PASSERIFORMES,ATP8,29,3.042100997528951
PASSERIFORMES,ATP8,30,0.9456416229559558
PASSERIFORMES,ATP8,31,2.107020720227585
PASSERIFORMES,ATP8,32,1.638675550150263
PASSERIFORMES,ATP8,33,1.682816270933905
PASSERIFORMES,ATP8,34,2.865396905730415
PASSERIFORMES,ATP8,35,8.21360701421191
PASSERIFORMES,ATP8,36,1.719789579374035
PASSERIFORMES,ATP8,37,1.361266361675826
PASSERIFORMES,ATP8,38,0.9771859121451016
PASSERIFORMES,ATP8,39,2.103068905747711
PASSERIFORMES,ATP8,40,70.84988653258758
PASSERIFORMES,ATP8,41,2.398315092534292
PASSERIFORMES,ATP8,42,2.926926781621031
PASSERIFORMES,ATP8,43,0
PASSERIFORMES,ATP8,44,1.171674332062563
PASSERIFORMES,ATP8,45,1.816158418922562
PASSERIFORMES,ATP8,46,1.135576482770077
PASSERIFORMES,ATP8,47,2.344498020007035
PASSERIFORMES,ATP8,48,1.27234775340908
PASSERIFORMES,ATP8,49,0.5192635151507032
PASSERIFORMES,ATP8,50,0.4704200793566272
PASSERIFORMES,ATP8,51,0
PASSERIFORMES,ATP8,52,1.530502056462923
PASSERIFORMES,ATP8,53,0
PASSERIFORMES,ATP8,54,0
PASSERIFORMES,ATP8,55,0
PASSERIFORMES,ATP8,56,0.3386880851000166
PASSERIFORMES,ATP8,57,0
CHIROPTERA,ATP8,1,0
CHIROPTERA,ATP8,2,0.9508671723187136
CHIROPTERA,ATP8,3,1.617971726329759
CHIROPTERA,ATP8,4,0.9932046847174956
CHIROPTERA,ATP8,5,1.912050704185481
CHIROPTERA,ATP8,6,0
CHIROPTERA,ATP8,7,1.930634051549323
CHIROPTERA,ATP8,8,1.731382774198054
CHIROPTERA,ATP8,9,3.074346560053817
CHIROPTERA,ATP8,10,1.125279305619522
CHIROPTERA,ATP8,11,1.075448042908064
CHIROPTERA,ATP8,12,1.56585699523146
CHIROPTERA,ATP8,13,5.414645375985874
CHIROPTERA,ATP8,14,1.948445731694508
CHIROPTERA,ATP8,15,1.905805493594773
CHIROPTERA,ATP8,16,2.003568615336836
CHIROPTERA,ATP8,17,3.437713980073432
CHIROPTERA,ATP8,18,1.655039987762591
CHIROPTERA,ATP8,19,2.082596699497924
CHIROPTERA,ATP8,20,0.9709372011749522
CHIROPTERA,ATP8,21,1.001881127717339
CHIROPTERA,ATP8,22,4.680341237898634
CHIROPTERA,ATP8,23,9999.99999999834
CHIROPTERA,ATP8,24,9999.99999999834
CHIROPTERA,ATP8,25,3.074346558094446
CHIROPTERA,ATP8,26,1.812826802356132
CHIROPTERA,ATP8,27,9.160654923768117
CHIROPTERA,ATP8,28,2.425250239208354
CHIROPTERA,ATP8,29,0.9254172371029575
CHIROPTERA,ATP8,30,9999.99999999834
CHIROPTERA,ATP8,31,7.467868318020392
CHIROPTERA,ATP8,32,5.173494197196796
CHIROPTERA,ATP8,33,49.36438824104449
CHIROPTERA,ATP8,34,0.3662052637653254
CHIROPTERA,ATP8,35,10.42595266415434
CHIROPTERA,ATP8,36,0.8079448008354078
CHIROPTERA,ATP8,37,2.552330003304963
CHIROPTERA,ATP8,38,20.05453435565295
CHIROPTERA,ATP8,39,1.115669009821562
CHIROPTERA,ATP8,40,1.215903759915733
CHIROPTERA,ATP8,41,4.401863764257159
CHIROPTERA,ATP8,42,0.5485401572368932
CHIROPTERA,ATP8,43,8.640591098509983
CHIROPTERA,ATP8,44,0.8448482551930241
CHIROPTERA,ATP8,45,1.439333268718511
CHIROPTERA,ATP8,46,0
CHIROPTERA,ATP8,47,2.471280670326859
CHIROPTERA,ATP8,48,0
CHIROPTERA,ATP8,49,0.491557574045025
CHIROPTERA,ATP8,50,0.8968543299650306
CHIROPTERA,ATP8,51,0
CHIROPTERA,ATP8,52,0
CHIROPTERA,ATP8,53,0.817346219317202
CHIROPTERA,ATP8,54,0
CHIROPTERA,ATP8,55,0
CHIROPTERA,ATP8,56,0
CHIROPTERA,ATP8,57,0
CHIROPTERA,ATP8,58,4.175925462999224
CHIROPTERA,ATP8,59,0
CHIROPTERA,ATP8,60,0.1389563028463002
CHIROPTERA,ATP8,61,0
CHIROPTERA,ATP8,62,0
CHIROPTERA,ATP8,63,0
CHIROPTERA,ATP8,64,0.2377650019075629
CHIROPTERA,ATP8,65,0
CHIROPTERA,ATP8,66,0
CHIROPTERA,ATP8,67,3.743563548242053
CHIROPTERA,ATP8,68,0
CETACEA,ATP8,1,0
CETACEA,ATP8,2,0
CETACEA,ATP8,3,0
CETACEA,ATP8,4,0.5819700280087774
CETACEA,ATP8,5,1.576726888023251
CETACEA,ATP8,6,0
CETACEA,ATP8,7,3.217304083962985
CETACEA,ATP8,8,0
CETACEA,ATP8,9,1.465805185128367
CETACEA,ATP8,10,1.642961062945386
CETACEA,ATP8,11,1.040653597072694
CETACEA,ATP8,12,1.978992855480703
CETACEA,ATP8,13,4.122009664048122
CETACEA,ATP8,14,0.7126625727975551
CETACEA,ATP8,15,4.255228246001869
CETACEA,ATP8,16,1.645522694102585
CETACEA,ATP8,17,1.394499022642217
CETACEA,ATP8,18,0.8116777575598244
CETACEA,ATP8,19,2.065968982960614
CETACEA,ATP8,20,1.725054914954227
CETACEA,ATP8,21,2.376046870792512
CETACEA,ATP8,22,0.7582807346409902
CETACEA,ATP8,23,1.686782352140457
CETACEA,ATP8,24,2.324373307783421
CETACEA,ATP8,25,14.02867759031909
CETACEA,ATP8,26,1.128509917375704
CETACEA,ATP8,27,0.8837718026814011
CETACEA,ATP8,28,3.998814210558786
CETACEA,ATP8,29,0
CETACEA,ATP8,30,1.326097275270493
CETACEA,ATP8,31,0.8289135002753284
CETACEA,ATP8,32,1.50456693019036
CETACEA,ATP8,33,2.37148310883562
CETACEA,ATP8,34,0.9248665092152915
CETACEA,ATP8,35,2.493522594363494
CETACEA,ATP8,36,0.9760741734820396
CETACEA,ATP8,37,2.411095491194517
CETACEA,ATP8,38,2.238196537627818
CETACEA,ATP8,39,0.687715274201403
CETACEA,ATP8,40,6.103281401184485
CETACEA,ATP8,41,6.387849325763155
CETACEA,ATP8,42,2.366873044990869
CETACEA,ATP8,43,0
CETACEA,ATP8,44,0
CETACEA,ATP8,45,0
CETACEA,ATP8,46,14.01621427973159
CETACEA,ATP8,47,0
CETACEA,ATP8,48,0
CETACEA,ATP8,49,0.2618742506197028
CETACEA,ATP8,50,0.4117186681338106
CETACEA,ATP8,51,0
CETACEA,ATP8,52,0.9255883077320249
CETACEA,ATP8,53,1.42424047363056
CETACEA,ATP8,54,0
CETACEA,ATP8,55,0
CETACEA,ATP8,56,0.5311573296855413
CETACEA,ATP8,57,0
CETACEA,ATP8,58,0.8216725388003461
CETACEA,ATP8,59,0
CETACEA,ATP8,60,0.337924461036819
CETACEA,ATP8,61,0.8598982580912321
CETACEA,ATP8,62,0
CETACEA,ATP8,63,0
CETACEA,ATP8,64,0.6468247718636855
CETACEA,ATP8,65,0
CETACEA,ATP8,66,2.207775046429573
CETACEA,ATP8,67,0
CETACEA,ATP8,68,0
GALLIFORMES,ATP8,1,0
GALLIFORMES,ATP8,2,1.210915249904554
GALLIFORMES,ATP8,3,1.79475527059006
GALLIFORMES,ATP8,4,0.3064670021645081
GALLIFORMES,ATP8,5,0.6110364279510361
GALLIFORMES,ATP8,6,2.428626287404664
GALLIFORMES,ATP8,7,21.70520479896817
GALLIFORMES,ATP8,8,1.019707411150672
GALLIFORMES,ATP8,9,4.962310429901028
GALLIFORMES,ATP8,10,4.189784255282158
GALLIFORMES,ATP8,11,1.068056108634366
GALLIFORMES,ATP8,12,1.412896608575998
GALLIFORMES,ATP8,13,33.04538856229475
GALLIFORMES,ATP8,14,1.377248770348952
GALLIFORMES,ATP8,15,0.7994251966859631
GALLIFORMES,ATP8,16,1.2111446793182
GALLIFORMES,ATP8,17,0
GALLIFORMES,ATP8,18,7.675671645652489
GALLIFORMES,ATP8,19,0.545376185317315
GALLIFORMES,ATP8,20,2.045385557171653
GALLIFORMES,ATP8,21,4.424149891479869
GALLIFORMES,ATP8,22,3.545506530320488
GALLIFORMES,ATP8,23,0.9133628518271439
GALLIFORMES,ATP8,24,0.8677107214596136
GALLIFORMES,ATP8,25,4.488156731167376
GALLIFORMES,ATP8,26,1.023142534834822
GALLIFORMES,ATP8,27,4.294461207938887
GALLIFORMES,ATP8,28,0.5911494616144776
GALLIFORMES,ATP8,29,2.295776076231265
GALLIFORMES,ATP8,30,0.5513018303772912
GALLIFORMES,ATP8,31,1.172218066580587
GALLIFORMES,ATP8,32,1.706782553894425
GALLIFORMES,ATP8,33,1.861735953530562
GALLIFORMES,ATP8,34,0.2409045678214055
GALLIFORMES,ATP8,35,1.033832066142579
GALLIFORMES,ATP8,36,0.3387617625048095
GALLIFORMES,ATP8,37,2.062997461292558
GALLIFORMES,ATP8,38,1.464542864108817
GALLIFORMES,ATP8,39,1.832390870581067
GALLIFORMES,ATP8,40,0
GALLIFORMES,ATP8,41,0.7391788679340084
GALLIFORMES,ATP8,42,0.2998076375580371
GALLIFORMES,ATP8,43,0.4825054436134051
GALLIFORMES,ATP8,44,0.9598273528816569
GALLIFORMES,ATP8,45,0
GALLIFORMES,ATP8,46,3.961590350006855
GALLIFORMES,ATP8,47,2.19764029670488
GALLIFORMES,ATP8,48,0.4759488829066766
GALLIFORMES,ATP8,49,4.331423770469887
GALLIFORMES,ATP8,50,0
GALLIFORMES,ATP8,51,0.1507106993620893
GALLIFORMES,ATP8,52,0
GALLIFORMES,ATP8,53,0
GALLIFORMES,ATP8,54,0
GALLIFORMES,ATP8,55,0.3478787144369204
GALLIFORMES,ATP8,56,0
DECAPODA,ATP8,1,0.03031974809929459
DECAPODA,ATP8,2,0.3254188726744835
DECAPODA,ATP8,3,144.7052857208502
DECAPODA,ATP8,4,0
DECAPODA,ATP8,5,0.1643035345966566
DECAPODA,ATP8,6,0.06620404974600824
DECAPODA,ATP8,7,0.6205892787867429
DECAPODA,ATP8,8,0.8557338547472735
DECAPODA,ATP8,9,0
DECAPODA,ATP8,10,0.7392105636804723
DECAPODA,ATP8,11,4.326276589673101
DECAPODA,ATP8,12,4.180461691377105
DECAPODA,ATP8,13,7.042121537221016
DECAPODA,ATP8,14,2.046536273404169
DECAPODA,ATP8,15,9999.99999999834
DECAPODA,ATP8,16,6.706624525539847
DECAPODA,ATP8,17,2.568756143178137
DECAPODA,ATP8,18,0.6488694553129088
DECAPODA,ATP8,19,0.1116895121957653
DECAPODA,ATP8,20,0.8803441353585005
DECAPODA,ATP8,21,0.3730606981037365
DECAPODA,ATP8,22,5.000920011409254
DECAPODA,ATP8,23,0.7873940883393429
DECAPODA,ATP8,24,9999.995109622805
DECAPODA,ATP8,25,1.195624272246545
DECAPODA,ATP8,26,1.250628046457491
DECAPODA,ATP8,27,5.76215730840713
DECAPODA,ATP8,28,9.498913257901823
DECAPODA,ATP8,29,1.945972330746955
DECAPODA,ATP8,30,0.205832128250081
DECAPODA,ATP8,31,9999.99999999834
DECAPODA,ATP8,32,0.4253853172874982
DECAPODA,ATP8,33,9999.99999999834
DECAPODA,ATP8,34,3.770130605322233
DECAPODA,ATP8,35,71.70981595541369
DECAPODA,ATP8,36,0.600554323144756
DECAPODA,ATP8,37,1.535087056325763
DECAPODA,ATP8,38,9999.999442232911
DECAPODA,ATP8,39,0.4424720585782026
DECAPODA,ATP8,40,0.6502304835950099
DECAPODA,ATP8,41,0.3201298730941823
DECAPODA,ATP8,42,2.525843086111934
DECAPODA,ATP8,43,10.14982226550034
DECAPODA,ATP8,44,9999.99999999834
DECAPODA,ATP8,45,2.973489338586145
DECAPODA,ATP8,46,0.7573151323767479
DECAPODA,ATP8,47,0.1230529335060334
DECAPODA,ATP8,48,3.376054538241207
DECAPODA,ATP8,49,0.4507364391584571
DECAPODA,ATP8,50,0.2383437464492061
DECAPODA,ATP8,51,0
DECAPODA,ATP8,52,0
DECAPODA,ATP8,53,0
DECAPODA,ATP8,54,0
CYPRINODONTIFORMES,ATP8,1,0
CYPRINODONTIFORMES,ATP8,2,0.2417820280536174
CYPRINODONTIFORMES,ATP8,3,0.6836783243360947
CYPRINODONTIFORMES,ATP8,4,0.7404748624760954
CYPRINODONTIFORMES,ATP8,5,2.198384974639301
CYPRINODONTIFORMES,ATP8,6,4.244585985754691
CYPRINODONTIFORMES,ATP8,7,0.2547748013088436
CYPRINODONTIFORMES,ATP8,8,1.778965736114076
CYPRINODONTIFORMES,ATP8,9,0.2335133644552474
CYPRINODONTIFORMES,ATP8,10,0.5484600933728103
CYPRINODONTIFORMES,ATP8,11,0.9742236340507581
CYPRINODONTIFORMES,ATP8,12,2.736921628905734
CYPRINODONTIFORMES,ATP8,13,1.98063981866787
CYPRINODONTIFORMES,ATP8,14,1.594319339285187
CYPRINODONTIFORMES,ATP8,15,1.793472029650229
CYPRINODONTIFORMES,ATP8,16,1.520669258094125
CYPRINODONTIFORMES,ATP8,17,123.22035363493
CYPRINODONTIFORMES,ATP8,18,1.108231094055347
CYPRINODONTIFORMES,ATP8,19,1.318210293680819
CYPRINODONTIFORMES,ATP8,20,1.966430125657676
CYPRINODONTIFORMES,ATP8,21,1.041132416586213
CYPRINODONTIFORMES,ATP8,22,0.6484061065723841
CYPRINODONTIFORMES,ATP8,23,3.781394667794618
CYPRINODONTIFORMES,ATP8,24,0.2976444270189162
CYPRINODONTIFORMES,ATP8,25,2.09780114332627
CYPRINODONTIFORMES,ATP8,26,2.541726377924765
CYPRINODONTIFORMES,ATP8,27,0
CYPRINODONTIFORMES,ATP8,28,0.9303305338802417
CYPRINODONTIFORMES,ATP8,29,1.172160401333442
CYPRINODONTIFORMES,ATP8,30,9999.99999999834
CYPRINODONTIFORMES,ATP8,31,1.534859051937147
CYPRINODONTIFORMES,ATP8,32,2.096925236083257
CYPRINODONTIFORMES,ATP8,33,1.72364368841298
CYPRINODONTIFORMES,ATP8,34,1.558826614133714
CYPRINODONTIFORMES,ATP8,35,2.098203772027883
CYPRINODONTIFORMES,ATP8,36,0.7752864420974829
CYPRINODONTIFORMES,ATP8,37,2.293580286871786
CYPRINODONTIFORMES,ATP8,38,0.9012444792607073
CYPRINODONTIFORMES,ATP8,39,1.08534918844135
CYPRINODONTIFORMES,ATP8,40,9.383183403341544
CYPRINODONTIFORMES,ATP8,41,4.475281086355432
CYPRINODONTIFORMES,ATP8,42,9999.99999999834
CYPRINODONTIFORMES,ATP8,43,1.605270324684096
CYPRINODONTIFORMES,ATP8,44,2.733291825794245
CYPRINODONTIFORMES,ATP8,45,2.086447548018392
CYPRINODONTIFORMES,ATP8,46,1.377228990600483
CYPRINODONTIFORMES,ATP8,47,0.0893490556378793
CYPRINODONTIFORMES,ATP8,48,0.4838734422904084
CYPRINODONTIFORMES,ATP8,49,0.2507508174925199
CYPRINODONTIFORMES,ATP8,50,0
CYPRINODONTIFORMES,ATP8,51,0.1499584874403599
CYPRINODONTIFORMES,ATP8,52,0
CYPRINODONTIFORMES,ATP8,53,0
CYPRINODONTIFORMES,ATP8,54,0
CYPRINODONTIFORMES,ATP8,55,0.3614391161015567
CYPRINODONTIFORMES,ATP8,56,0
SCORPAENIFORMES,ATP8,1,0
SCORPAENIFORMES,ATP8,2,0.6764040655698362
SCORPAENIFORMES,ATP8,3,0.9032797515091409
SCORPAENIFORMES,ATP8,4,0
SCORPAENIFORMES,ATP8,5,0
SCORPAENIFORMES,ATP8,6,0
SCORPAENIFORMES,ATP8,7,0.5361398862009907
SCORPAENIFORMES,ATP8,8,0.313801214792834
SCORPAENIFORMES,ATP8,9,0
SCORPAENIFORMES,ATP8,10,0.9711938443775003
SCORPAENIFORMES,ATP8,11,2.856942662326202
SCORPAENIFORMES,ATP8,12,0.425216450353572
SCORPAENIFORMES,ATP8,13,0.7956107354850726
SCORPAENIFORMES,ATP8,14,0.605007250210087
SCORPAENIFORMES,ATP8,15,1.035852256435078
SCORPAENIFORMES,ATP8,16,0.718257534468689
SCORPAENIFORMES,ATP8,17,3.250477523144283
SCORPAENIFORMES,ATP8,18,1.370707142300391
SCORPAENIFORMES,ATP8,19,0.9231554929523534
SCORPAENIFORMES,ATP8,20,2.733141758427258
SCORPAENIFORMES,ATP8,21,1.237867110175522
SCORPAENIFORMES,ATP8,22,0.4465897026721868
SCORPAENIFORMES,ATP8,23,2.494068060012817
SCORPAENIFORMES,ATP8,24,4.807687761314034
SCORPAENIFORMES,ATP8,25,8.555731025366368
SCORPAENIFORMES,ATP8,26,1.858725754515796
SCORPAENIFORMES,ATP8,27,0
SCORPAENIFORMES,ATP8,28,3.741262298849594
SCORPAENIFORMES,ATP8,29,0.5622660361540354
SCORPAENIFORMES,ATP8,30,1.607773559706688
SCORPAENIFORMES,ATP8,31,1.388888363547121
SCORPAENIFORMES,ATP8,32,1.211334374577387
SCORPAENIFORMES,ATP8,33,5.417758068708677
SCORPAENIFORMES,ATP8,34,0.6525047438559819
SCORPAENIFORMES,ATP8,35,4.976427611781318
SCORPAENIFORMES,ATP8,36,4.222524472467621
SCORPAENIFORMES,ATP8,37,2.573831459797264
SCORPAENIFORMES,ATP8,38,6.119491939137663
SCORPAENIFORMES,ATP8,39,3.364906497276903
SCORPAENIFORMES,ATP8,40,3.904057979805049
SCORPAENIFORMES,ATP8,41,3.935867209044358
SCORPAENIFORMES,ATP8,42,1.457790927954563
SCORPAENIFORMES,ATP8,43,0
SCORPAENIFORMES,ATP8,44,9999.99999999834
SCORPAENIFORMES,ATP8,45,0.5448834724524958
SCORPAENIFORMES,ATP8,46,0
SCORPAENIFORMES,ATP8,47,0
SCORPAENIFORMES,ATP8,48,0.8260499225177267
SCORPAENIFORMES,ATP8,49,0
SCORPAENIFORMES,ATP8,50,0
SCORPAENIFORMES,ATP8,51,1.062023430486808
SCORPAENIFORMES,ATP8,52,0
SCORPAENIFORMES,ATP8,53,0
SCORPAENIFORMES,ATP8,54,0
SCORPAENIFORMES,ATP8,55,0
SCORPAENIFORMES,ATP8,56,0
CHARACIFORMES,ATP8,1,0
CHARACIFORMES,ATP8,2,0.4691583107055808
CHARACIFORMES,ATP8,3,0.588979105131785
CHARACIFORMES,ATP8,4,1.08611317803076
CHARACIFORMES,ATP8,5,0.7453465773879677
CHARACIFORMES,ATP8,6,1.12519882692441
CHARACIFORMES,ATP8,7,0.09927475801139561
CHARACIFORMES,ATP8,8,2.375956327034577
CHARACIFORMES,ATP8,9,3.06604874729954
CHARACIFORMES,ATP8,10,0.7823933544975052
CHARACIFORMES,ATP8,11,0.6871274555405418
CHARACIFORMES,ATP8,12,0.2443940954440596
CHARACIFORMES,ATP8,13,2.60737938827885
CHARACIFORMES,ATP8,14,9999.99999999834
CHARACIFORMES,ATP8,15,2.516133579935501
CHARACIFORMES,ATP8,16,0.9680609750910386
CHARACIFORMES,ATP8,17,0.1737070092597983
CHARACIFORMES,ATP8,18,1.725720692956219
CHARACIFORMES,ATP8,19,3.395774994772192
CHARACIFORMES,ATP8,20,4692.146385249006
CHARACIFORMES,ATP8,21,5.542311962772832
CHARACIFORMES,ATP8,22,0.6422501396831465
CHARACIFORMES,ATP8,23,6.924948325248408
CHARACIFORMES,ATP8,24,3.305929614641145
CHARACIFORMES,ATP8,25,1.28962965295865
CHARACIFORMES,ATP8,26,1.308599201876146
CHARACIFORMES,ATP8,27,0
CHARACIFORMES,ATP8,28,3.477258878189022
CHARACIFORMES,ATP8,29,9999.99999999834
CHARACIFORMES,ATP8,30,0.8592060667754414
CHARACIFORMES,ATP8,31,2.730836167304297
CHARACIFORMES,ATP8,32,0.9558860706620987
CHARACIFORMES,ATP8,33,0.552639014504219
CHARACIFORMES,ATP8,34,0.7380785404562374
CHARACIFORMES,ATP8,35,1.272478644361566
CHARACIFORMES,ATP8,36,1.541808345313826
CHARACIFORMES,ATP8,37,0.5450073495127866
CHARACIFORMES,ATP8,38,0.3474131403570332
CHARACIFORMES,ATP8,39,2.175705722043311
CHARACIFORMES,ATP8,40,3.082161800984439
CHARACIFORMES,ATP8,41,2.822784730552816
CHARACIFORMES,ATP8,42,0.1720683949020687
CHARACIFORMES,ATP8,43,0
CHARACIFORMES,ATP8,44,2.213188448496676
CHARACIFORMES,ATP8,45,3.019440858133751
CHARACIFORMES,ATP8,46,0
CHARACIFORMES,ATP8,47,3.946087074688669
CHARACIFORMES,ATP8,48,0.6210872678935595
CHARACIFORMES,ATP8,49,0.2148723182600359
CHARACIFORMES,ATP8,50,0
CHARACIFORMES,ATP8,51,0
CHARACIFORMES,ATP8,52,0
CHARACIFORMES,ATP8,53,0.1129882696602822
CHARACIFORMES,ATP8,54,3.119924020298315
CHARACIFORMES,ATP8,55,0.385735756194117
CHARACIFORMES,ATP8,56,0
ZEIFORMES,ATP8,1,0
ZEIFORMES,ATP8,2,0.3845061156498472
ZEIFORMES,ATP8,3,0.2276847781752812
ZEIFORMES,ATP8,4,2.212160995171666
ZEIFORMES,ATP8,5,0
ZEIFORMES,ATP8,6,6.432195405042017
ZEIFORMES,ATP8,7,0.5509714219443864
ZEIFORMES,ATP8,8,1.93588082209241
ZEIFORMES,ATP8,9,0
ZEIFORMES,ATP8,10,0
ZEIFORMES,ATP8,11,0
ZEIFORMES,ATP8,12,3.892807986078128
ZEIFORMES,ATP8,13,1.710996137829867
ZEIFORMES,ATP8,14,1.006147178513459
ZEIFORMES,ATP8,15,0
ZEIFORMES,ATP8,16,3.423503659938171
ZEIFORMES,ATP8,17,0
ZEIFORMES,ATP8,18,0.6786462079242309
ZEIFORMES,ATP8,19,0.4845338842705627
ZEIFORMES,ATP8,20,3.748832862633551
ZEIFORMES,ATP8,21,0.3369200673509647
ZEIFORMES,ATP8,22,1.252639374955495
ZEIFORMES,ATP8,23,13.56564766330673
ZEIFORMES,ATP8,24,4.235522907506166
ZEIFORMES,ATP8,25,2.400006030422718
ZEIFORMES,ATP8,26,0.4956302692714503
ZEIFORMES,ATP8,27,0
ZEIFORMES,ATP8,28,0
ZEIFORMES,ATP8,29,0.8770257764687439
ZEIFORMES,ATP8,30,1.574533136227941
ZEIFORMES,ATP8,31,0
ZEIFORMES,ATP8,32,9999.99999999834
ZEIFORMES,ATP8,33,3.142921810827095
ZEIFORMES,ATP8,34,0.5446022839060475
ZEIFORMES,ATP8,35,0.5465418107437785
ZEIFORMES,ATP8,36,1723.426965866162
ZEIFORMES,ATP8,37,4.455933077764445
ZEIFORMES,ATP8,38,0
ZEIFORMES,ATP8,39,0
ZEIFORMES,ATP8,40,1.904523798714877
ZEIFORMES,ATP8,41,1.446608391384044
ZEIFORMES,ATP8,42,1.412360637610354
ZEIFORMES,ATP8,43,0
ZEIFORMES,ATP8,44,0.7653256760711773
ZEIFORMES,ATP8,45,9999.99999999834
ZEIFORMES,ATP8,46,3.704860785869211
ZEIFORMES,ATP8,47,1.430463679791223
ZEIFORMES,ATP8,48,0.9656604756699394
ZEIFORMES,ATP8,49,1.068640202365301
ZEIFORMES,ATP8,50,0
ZEIFORMES,ATP8,51,0
ZEIFORMES,ATP8,52,0
ZEIFORMES,ATP8,53,0.922816059035811
ZEIFORMES,ATP8,54,0
ZEIFORMES,ATP8,55,4.494552107650818
ZEIFORMES,ATP8,56,0
SILURIFORMES,ATP8,1,0
SILURIFORMES,ATP8,2,0.598045494485018
SILURIFORMES,ATP8,3,0
SILURIFORMES,ATP8,4,0.9754863186187883
SILURIFORMES,ATP8,5,3.78645123207211
SILURIFORMES,ATP8,6,0
SILURIFORMES,ATP8,7,0
SILURIFORMES,ATP8,8,1.110745877400461
SILURIFORMES,ATP8,9,0
SILURIFORMES,ATP8,10,0.418056720985349
SILURIFORMES,ATP8,11,0.3361539131422065
SILURIFORMES,ATP8,12,3.108423204971788
SILURIFORMES,ATP8,13,0.275725442653378
SILURIFORMES,ATP8,14,0.5296396259211203
SILURIFORMES,ATP8,15,0.6123785448746265
SILURIFORMES,ATP8,16,0.4130013800099014
SILURIFORMES,ATP8,17,0
SILURIFORMES,ATP8,18,0.9338406698509574
SILURIFORMES,ATP8,19,0.4390734627304971
SILURIFORMES,ATP8,20,1.441462218404904
SILURIFORMES,ATP8,21,1.244396446814547
SILURIFORMES,ATP8,22,0.528872533256181
SILURIFORMES,ATP8,23,1.432404683203895
SILURIFORMES,ATP8,24,20.73900607423075
SILURIFORMES,ATP8,25,5.74153557221863
SILURIFORMES,ATP8,26,19.52895578111203
SILURIFORMES,ATP8,27,0
SILURIFORMES,ATP8,28,4.782075453217744
SILURIFORMES,ATP8,29,0.3871958561441834
SILURIFORMES,ATP8,30,3.661468540830572
SILURIFORMES,ATP8,31,0.9325368534150561
SILURIFORMES,ATP8,32,2.041923823448835
SILURIFORMES,ATP8,33,9.284833637574371
SILURIFORMES,ATP8,34,0
SILURIFORMES,ATP8,35,0.4560398948657898
SILURIFORMES,ATP8,36,0
SILURIFORMES,ATP8,37,2.959424239887616
SILURIFORMES,ATP8,38,1.066528112161773
SILURIFORMES,ATP8,39,3.688773681094004
SILURIFORMES,ATP8,40,4.770511047538916
SILURIFORMES,ATP8,41,2.806645041849414
SILURIFORMES,ATP8,42,1.56979474635499
SILURIFORMES,ATP8,43,0
SILURIFORMES,ATP8,44,5.985955926935292
SILURIFORMES,ATP8,45,0.275725442653378
SILURIFORMES,ATP8,46,0
SILURIFORMES,ATP8,47,0.6228716399325895
SILURIFORMES,ATP8,48,6.544541834462643
SILURIFORMES,ATP8,49,0
SILURIFORMES,ATP8,50,0
SILURIFORMES,ATP8,51,0
SILURIFORMES,ATP8,52,0
SILURIFORMES,ATP8,53,0
SILURIFORMES,ATP8,54,0
SILURIFORMES,ATP8,55,0
SILURIFORMES,ATP8,56,0
PHASMATODEA,ATP8,1,1.428343016469956
PHASMATODEA,ATP8,2,0.9999999994884092
PHASMATODEA,ATP8,3,0
PHASMATODEA,ATP8,4,0
PHASMATODEA,ATP8,5,1
PHASMATODEA,ATP8,6,0.9999998976818513
PHASMATODEA,ATP8,7,0
PHASMATODEA,ATP8,8,0.9980019965355797
PHASMATODEA,ATP8,9,0
PHASMATODEA,ATP8,10,0.9999999979820586
PHASMATODEA,ATP8,11,0.9999999914450655
PHASMATODEA,ATP8,12,0.9999997953637131
PHASMATODEA,ATP8,13,0
PHASMATODEA,ATP8,14,0.9999999877431379
PHASMATODEA,ATP8,15,1.002002000334336
PHASMATODEA,ATP8,16,0.9999999994884092
PHASMATODEA,ATP8,17,1.222222097657947
PHASMATODEA,ATP8,18,1.22222209557018
PHASMATODEA,ATP8,19,1.002002000526758
PHASMATODEA,ATP8,20,0.9999999988242719
PHASMATODEA,ATP8,21,0.9999999979820586
PHASMATODEA,ATP8,22,1.002002001367741
PHASMATODEA,ATP8,23,0.9999999983799626
PHASMATODEA,ATP8,24,1.222222100184321
PHASMATODEA,ATP8,25,1.428343016469956
PHASMATODEA,ATP8,26,0.9999998593125482
PHASMATODEA,ATP8,27,0.9999999033661926
PHASMATODEA,ATP8,28,0.9999999988242719
PHASMATODEA,ATP8,29,0.9999999988242719
PHASMATODEA,ATP8,30,0.9999999995168309
PHASMATODEA,ATP8,31,0.9999999985931254
PHASMATODEA,ATP8,32,0.9999997953637131
PHASMATODEA,ATP8,33,0.9999999985931254
PHASMATODEA,ATP8,34,0.9999999994741984
PHASMATODEA,ATP8,35,0.9999999985078603
PHASMATODEA,ATP8,36,1
PHASMATODEA,ATP8,37,0.9999998496764684
PHASMATODEA,ATP8,38,0.9980018988239513
PHASMATODEA,ATP8,39,0.9999999985078603
PHASMATODEA,ATP8,40,0.9999998507860366
PHASMATODEA,ATP8,41,1
PHASMATODEA,ATP8,42,1.002001977414614
PHASMATODEA,ATP8,43,0
PHASMATODEA,ATP8,44,0.9999999523936378
PHASMATODEA,ATP8,45,0.9999999994741984
PHASMATODEA,ATP8,46,0.9999999985078603
PHASMATODEA,ATP8,47,1.002002000483998
PHASMATODEA,ATP8,48,1
PHASMATODEA,ATP8,49,0.9999999994884092
PHASMATODEA,ATP8,50,0.9999999994884092
PHASMATODEA,ATP8,51,0
PHASMATODEA,ATP8,52,0
PHASMATODEA,ATP8,53,0
PHASMATODEA,ATP8,54,0
